Movie_ID_Alias,Movie_Genres,Movie_ReleaseYear
1,Horror|Sci-Fi,1958
2,Comedy|Horror,1992
3,Horror,1959
4,Horror|Thriller,1996
5,,-
6,Adventure|Fantasy,1991
7,Adventure|Children's|Fantasy,1959
8,Drama|Fantasy,1986
9,Action|Thriller,1992
10,Drama,1984
11,Comedy,1991
12,Horror,1931
13,Action|Thriller,1988
14,Comedy|Romance,1995
15,Adventure|War,1963
16,Action|Thriller,2000
17,Action|Sci-Fi,2000
18,Action|Drama,2000
19,Comedy,2000
20,Comedy|Thriller,2000
21,Crime|Thriller,2000
22,Comedy|Horror|Thriller,2000
23,Comedy|Drama,2000
24,Comedy,2000
25,,-
26,Comedy,2000
27,Drama,1971
28,Action|Adventure|Comedy|Horror,1987
29,Horror,1973
30,Drama|Romance,1997
31,Crime|Thriller,1992
32,Drama|Film-Noir,1984
33,Action|Drama|War,1961
34,,-
35,Drama|War,1953
36,Drama|Thriller,1996
37,,-
38,Horror|Sci-Fi,1956
39,Drama,1985
40,Comedy|Drama,1999
41,Documentary,1984
42,Comedy|Drama,1983
43,Drama|Thriller,1976
44,Drama,1998
45,Comedy|Drama,1973
46,Adventure|Comedy|Sci-Fi,1984
47,Drama,1997
48,Action|Adventure|Sci-Fi|Thriller,1989
49,Comedy,1994
50,Comedy,1995
51,Comedy|Drama,1998
52,Drama,1985
53,Drama,1989
54,Comedy|War,1971
55,Comedy|Romance,1999
56,Drama,1998
57,Drama,1948
58,Comedy,1997
59,Comedy|Horror,1987
60,Drama|Thriller,1995
61,Action|Drama,1991
62,Drama,1997
63,Sci-Fi,1926
64,Comedy,1995
65,Comedy|Horror,1974
66,Comedy,1995
67,Comedy,1998
68,Comedy|Drama,1997
69,Documentary,1998
70,Drama,1998
71,Comedy|Mystery|Romance|Thriller,1938
72,Romance|Thriller,1940
73,Comedy|Crime,2000
74,Comedy|Romance,1998
75,Action|Sci-Fi|Thriller,1999
76,Drama|Romance|Thriller,1985
77,Drama,1998
78,Comedy|Drama,1994
79,Comedy,1992
80,Comedy,1993
81,Comedy,1989
82,Drama|Romance,1998
83,Comedy,1998
84,Drama,1993
85,Sci-Fi|Thriller,1995
86,Comedy,1997
87,Action|Adventure|Fantasy|Sci-Fi,1982
88,Comedy,1978
89,Comedy,1996
90,Comedy,1986
91,Action|Comedy|Fantasy,1992
92,Romance,1997
93,Action|Romance,1986
94,Comedy|Romance,1994
95,Action|Adventure|Comedy,1993
96,,-
97,Comedy,1992
98,Adventure|Children's,1960
99,Comedy,1999
100,Drama,1987
101,,-
102,,-
103,,-
104,Drama,1996
105,Action,1994
106,,-
107,Horror|Sci-Fi,1995
108,Comedy,1994
109,Comedy|Drama|Romance,1998
110,Action|Drama,1998
111,Animation|Children's|Musical,1959
112,Comedy,1984
113,Drama,1994
114,Comedy|Romance,1995
115,Drama|Romance,1996
116,Drama,1994
117,Adventure|Children's|Fantasy|Sci-Fi,1985
118,Action|Drama,1985
119,Comedy,1997
120,Comedy|Drama,1997
121,Action|Sci-Fi|Thriller,1990
122,Horror|Thriller,1988
123,Action|Adventure,1972
124,Crime|Thriller,1997
125,Drama,1998
126,Mystery|Thriller,1998
127,Horror,1989
128,Sci-Fi|Thriller,1998
129,Drama|Romance,1996
130,Film-Noir|Mystery|Thriller,1998
131,Drama,1995
132,Comedy,1986
133,Comedy,1982
134,Thriller,1991
135,Adventure|Comedy,1991
136,Drama|Romance,1996
137,Horror,1984
138,Adventure|Sci-Fi,1985
139,Drama,1993
140,Action|Adventure|Comedy,1999
141,Action|Thriller,1998
142,Comedy|Romance,1993
143,Comedy,1993
144,Drama,1995
145,Comedy|Romance,1996
146,Action,1997
147,Comedy,1994
148,Comedy,1995
149,Comedy,1979
150,Drama|Romance,1997
151,Animation|Children's|Comedy|Musical|Romance,1989
152,Action|Comedy|Crime|Drama,1989
153,Romance|Thriller,1997
154,Drama|Romance,1995
155,Comedy,1983
156,Action|Adventure|Drama,1986
157,Comedy,1998
158,Documentary|Musical,1998
159,Crime|Drama|Thriller,1995
160,Thriller,1994
161,Thriller,1995
162,Drama|Romance,1994
163,Adventure|Children's|Fantasy,1995
164,Comedy|Romance,1992
165,Comedy,1997
166,Comedy,1998
167,Adventure|Children's|Sci-Fi,1986
168,Comedy|Horror,1986
169,Documentary,1994
170,Comedy|Romance,1995
171,Crime,1997
172,Comedy,1996
173,Comedy|Musical|Romance,1978
174,Comedy|Horror,1985
175,Action,1994
176,Comedy|Romance,1994
177,Crime,1996
178,Comedy,1982
179,Children's|Comedy,2000
180,Comedy,1997
181,Comedy,1985
182,Comedy,1989
183,Adventure|Children's|Sci-Fi,1986
184,Comedy,1995
185,Comedy,1993
186,Comedy,1992
187,Action|Sci-Fi|Thriller,1997
188,Comedy,1999
189,Animation|Children's|Musical,1941
190,Action,1995
191,Comedy,1999
192,Comedy|Drama,1989
193,Action|Sci-Fi,1993
194,Comedy|Fantasy,1991
195,Comedy,1998
196,Horror|Thriller,1998
197,Comedy,1981
198,Comedy|Drama|Romance,1995
199,Comedy|Drama,1995
200,Mystery|Romance|Thriller,1991
201,Thriller,1989
202,Adventure|Comedy,1988
203,Horror,1982
204,Comedy|Drama,1991
205,Drama|War,1996
206,Action|Mystery|Romance|Thriller,1997
207,Comedy,1994
208,Comedy|Romance,1995
209,,-
210,Sci-Fi|Thriller,2000
211,Film-Noir|Thriller,1962
212,Comedy,1996
213,Comedy|War,1994
214,Drama|Romance,1995
215,Comedy,1981
216,Comedy,1998
217,Comedy,1987
218,Comedy,1999
219,Comedy|Romance,1992
220,Comedy,1995
221,Action|Thriller,1996
222,Comedy|Romance,1987
223,Comedy|Drama,2000
224,Action|Comedy,1994
225,Comedy,1992
226,Drama,1997
227,Comedy,1996
228,Horror,1999
229,Crime|Drama,1992
230,,-
231,Comedy,1984
232,,-
233,Action,1995
234,Comedy|Crime,1986
235,Animation|Children's|Comedy,1986
236,Comedy,1999
237,Adventure|Comedy,1998
238,Action|Adventure|Sci-Fi|Thriller,1998
239,Comedy,1989
240,Action|Thriller,1997
241,Crime,1996
242,Crime|Thriller,1996
243,Comedy,1993
244,Comedy,1999
245,Animation|Children's|Musical,1950
246,Comedy|Musical,1964
247,Drama,1998
248,Drama,1951
249,Drama,1993
250,Drama,1989
251,Comedy,1996
252,,-
253,Comedy,1999
254,Children's|Comedy|Musical,1993
255,Drama,1997
256,Documentary,1998
257,Mystery,1999
258,Documentary,1999
259,Adventure|Sci-Fi,1995
260,Drama,1973
261,Comedy,1997
262,Comedy,1980
263,Comedy|Drama|Romance,1989
264,Comedy|Crime,1973
265,Action|Adventure|Romance|Thriller,1996
266,Action|Adventure|Thriller,1996
267,Action|Adventure|Comedy|Romance,1987
268,Adventure|Children's|Fantasy,1985
269,Adventure|Children's|Comedy|Fantasy,1971
270,Action|Adventure|Sci-Fi,1978
271,,-
272,Comedy|Romance,1993
273,Comedy|Romance,1999
274,Drama,1984
275,Action|Drama,1979
276,Action|Comedy|Western,1988
277,Action|Comedy|Western,1990
278,Crime|Drama,1973
279,Western,1993
280,Comedy,1996
281,Comedy|Romance,1993
282,Comedy|Sci-Fi,1985
283,Drama,1992
284,Comedy|Romance,1953
285,Comedy|Drama|Romance,1988
286,Drama,1950
287,Drama|War,1999
288,Drama|Romance,2000
289,Comedy|Fantasy,1988
290,Drama,1998
291,Comedy|Horror,1985
292,Comedy|Romance|Thriller,1990
293,Action|Comedy,1999
294,Documentary,1994
295,Drama,1961
296,Drama|Romance|Sci-Fi,1997
297,Action,1994
298,Drama,1980
299,Action|Romance|Thriller,1995
300,Crime|Thriller,2000
301,Comedy|Drama|Romance,1998
302,Comedy|Drama|War,1955
303,Crime|Film-Noir|Mystery,1944
304,Action|Drama,1954
305,Comedy|Romance,1993
306,Action|Crime|Romance,1998
307,Mystery|Thriller,1949
308,Animation|Comedy,1993
309,Comedy,1996
310,,-
311,Comedy|Crime,1959
312,Crime|Film-Noir,1944
313,Drama,1962
314,Drama|Romance|War,1942
315,Film-Noir,1946
316,Drama,1999
317,Comedy,1999
318,Drama|Romance,1995
319,Thriller,1978
320,Crime|Drama|Romance,1980
321,Horror,1979
322,Drama|Romance,1998
323,Comedy,1995
324,Comedy|Musical,1968
325,Film-Noir,1950
326,Drama|Thriller,1959
327,Action|Sci-Fi,1968
328,Action|Sci-Fi,1970
329,Action|Sci-Fi,1973
330,Action|Sci-Fi,1972
331,Action|Sci-Fi,1971
332,Comedy|Sci-Fi,1989
333,Adventure|Children's|Drama,1993
334,Comedy|Romance,1975
335,Drama|Thriller,1991
336,Thriller,1999
337,Drama,1939
338,Drama|Mystery|Romance,1998
339,,-
340,Crime,1998
341,Comedy|Drama,1960
342,Comedy|Drama,1999
343,Comedy,1995
344,Crime|Thriller,1997
345,Drama,1998
346,Documentary,1999
347,Film-Noir|Thriller,1962
348,Drama,1992
349,Comedy,1992
350,Thriller,1987
351,Action|Drama|War,1998
352,Drama,2000
353,Documentary,1998
354,Drama,1994
355,Horror|Romance,1999
356,Comedy|Romance,1999
357,Drama|Mystery|Thriller,1999
358,Comedy|Drama,2000
359,Action|Crime,2000
360,Comedy|Romance,1999
361,Comedy,1999
362,Drama,1999
363,Thriller,1999
364,Comedy|Romance,1958
365,Adventure|Drama,2000
366,Drama,1998
367,Comedy,2000
368,,-
369,Comedy|Sci-Fi|Western,1990
370,Comedy|Crime,1992
371,Comedy|Crime|Drama,1975
372,Drama,1998
373,Crime|Drama,1992
374,Crime|Drama,1954
375,Crime|Thriller,1995
376,,-
377,Action|Crime|Drama,1972
378,Comedy|Drama|Romance,1996
379,Drama,1983
380,Thriller,1999
381,Children's|Comedy,1999
382,Drama|Romance,1985
383,Comedy,2000
384,Drama,2000
385,Action|Thriller,1993
386,Comedy|Crime|Mystery|Thriller,1998
387,Mystery|Thriller,1992
388,,-
389,Drama|Romance,1998
390,Comedy,1998
391,Comedy,2000
392,Action|Crime|Thriller,1995
393,Adventure|Romance,1988
394,Comedy|Romance|War,1994
395,Action|Drama|War,1998
396,Crime|Drama,1994
397,Comedy|Crime|Thriller,1998
398,Comedy|Drama,1997
399,Drama|Romance,1998
400,Action|Sci-Fi|Thriller,1987
401,Comedy|Western,1974
402,Action|Adventure|Comedy|Romance,1994
403,Adventure|Comedy|Romance,1998
404,Crime|Thriller,1995
405,Sci-Fi,1985
406,Drama|Sci-Fi,1995
407,Animation|Children's|Comedy,1995
408,Animation|Children's|Comedy,1999
409,,-
410,Drama,1997
411,Comedy|Musical|Romance,1982
412,Children's|Fantasy|Musical,1961
413,Adventure|Musical,1967
414,Adventure|Animation|Children's|Musical,1946
415,Comedy|Musical,1961
416,Drama|Musical,1975
417,Musical,1944
418,Musical,1954
419,Animation|Children's|Comedy|Musical,1940
420,Adventure|Children's|Musical,1971
421,Animation|Children's|Musical,1951
422,Drama,1992
423,Drama,2000
424,Drama,1999
425,Drama,1988
426,Crime|Drama,1967
427,Drama,1997
428,Crime|Thriller,1998
429,Action|Crime|Drama|Thriller,1971
430,Drama,1986
431,Crime|Drama|Thriller,1968
432,Drama|Thriller,1988
433,Thriller,2000
434,Drama|Thriller,1996
435,Drama,1993
436,Drama,1996
437,Adventure|Thriller,1997
438,Horror,1981
439,,-
440,,-
441,Drama|War,1997
442,Comedy,1998
443,Comedy|Romance,1932
444,Comedy|Romance,2000
445,Comedy|Romance,1952
446,Comedy,1999
447,Action|Comedy|Western,1969
448,Comedy|Drama,1982
449,Drama,1960
450,Drama|Mystery,1999
451,Action|Crime|Thriller,1995
452,Musical,1968
453,Drama,1996
454,Drama,1999
455,Drama,1999
456,Romance,1998
457,Crime|Thriller,1996
458,Crime,1975
459,Crime,1999
460,Drama,1930
461,Comedy,2000
462,Action|Adventure|Comedy|Sci-Fi,1997
463,Action|Crime|Sci-Fi,1987
464,Adventure|Fantasy|Sci-Fi,1981
465,Action|Adventure|Sci-Fi|Thriller,1990
466,Action|Horror|Sci-Fi|Thriller,1982
467,Sci-Fi,1971
468,Action|Horror|Sci-Fi|Thriller,1979
469,Drama|War,1978
470,Drama|War,1986
471,War,1930
472,Action|Adventure|War,1969
473,Drama|War,1979
474,Action|Drama|War,1981
475,Action|Drama|War,1995
476,Adventure|War,1962
477,Drama|War,1993
478,Adventure|Drama|Western,1990
479,Drama|Western,1953
480,Western,1972
481,Western,1967
482,Action|Western,1964
483,Western,1992
484,Action|Western,1966
485,Western,1969
486,Western,1965
487,Action|Thriller,1990
488,Thriller,1999
489,Action|Horror|Thriller,1999
490,Drama|Fantasy|Romance|Thriller,1994
491,Drama,1986
492,Drama|Thriller,1997
493,Comedy,1979
494,,-
495,,-
496,Comedy,1988
497,Drama,1989
498,Comedy,1999
499,,-
500,Film-Noir|Sci-Fi,1982
501,Sci-Fi,1965
502,Drama|Thriller,1999
503,Musical,1958
504,Drama,1999
505,Comedy|Romance,1999
506,Comedy|Drama,1999
507,Comedy,1992
508,Comedy|Drama,1997
509,Comedy|Romance,1998
510,Comedy,1980
511,Comedy|Drama,1999
512,Comedy|Drama,1997
513,Comedy|Drama,1989
514,Comedy|Romance,2000
515,Comedy|Drama,1995
516,Drama|Romance|War,1995
517,Comedy|Romance,1999
518,Drama,2000
519,Comedy,1983
520,Drama,1996
521,Drama,1997
522,Drama,1999
523,Drama|Thriller,2000
524,Documentary,1997
525,Comedy|Drama,1995
526,Comedy,1989
527,Thriller,1976
528,Drama,1983
529,Drama|Romance,1996
530,Drama,1997
531,Comedy|Romance,1991
532,Drama,1998
533,Comedy|Crime,1997
534,Drama,1998
535,Comedy,1978
536,Comedy|Drama,1990
537,Adventure|Comedy|Drama,1986
538,Drama,1996
539,Action|Comedy|Drama,1998
540,Action|Thriller,1999
541,Thriller,1969
542,Action|Adventure|Thriller,1996
543,Action|Adventure|Thriller,1998
544,Drama,1978
545,Romance|Thriller,1998
546,Comedy,1996
547,Action|Sci-Fi,2000
548,Thriller,1934
549,Thriller,1935
550,Adventure|Animation|Children's|Musical,1977
551,Animation|Children's,1985
552,Animation|Children's,1986
553,Animation|Children's|Musical,1996
554,Animation|Children's|Fantasy|Musical,1953
555,Action|Horror,1975
556,Comedy|Drama,1995
557,Comedy,1987
558,Comedy|Musical,1997
559,Comedy,1999
560,Children's|Comedy,1997
561,Comedy,1981
562,Comedy|Drama,1998
563,Comedy|Western,1986
564,Adventure|Comedy|Musical,1980
565,Comedy|Drama|Romance,1998
566,Comedy|Drama,1998
567,Sci-Fi,1956
568,Action|Crime|Thriller,1992
569,Children's|Comedy|Fantasy,1997
570,Drama|Romance|War,1996
571,Documentary,1999
572,Action|Adventure,1987
573,,-
574,Comedy|Horror,1989
575,Comedy|Mystery,1985
576,Children's|Comedy,1992
577,Comedy,1998
578,Children's|Comedy,1990
579,Comedy,1999
580,Thriller,1929
581,Comedy|Romance,1993
582,Comedy,1997
583,Animation|Children's|Comedy,1996
584,Comedy|Romance,1996
585,Mystery,1997
586,Drama,1986
587,Drama,1999
588,Comedy|Horror,1984
589,Comedy|Romance,1994
590,Sci-Fi,1979
591,Sci-Fi,2000
592,Action|Sci-Fi|Thriller,1992
593,Action|Sci-Fi,1985
594,Sci-Fi|Thriller,1995
595,Adventure|Animation|Sci-Fi,2000
596,Action|Sci-Fi|War,1996
597,Children's|Comedy|Fantasy,1961
598,Fantasy|Sci-Fi,1984
599,Adventure|Children's|Fantasy,1995
600,Adventure|Children's|Fantasy,1984
601,Adventure|Children's|Fantasy,1975
602,Adventure|Children's|Fantasy,1986
603,Comedy,1940
604,Drama|War,1946
605,Drama,1966
606,Action,1995
607,Drama|Horror|Thriller,1960
608,,-
609,Comedy|Romance,1998
610,Comedy|Romance,1999
611,Animation|Musical,1998
612,Drama,1999
613,Crime|Thriller,1999
614,Animation|Children's|Comedy,1998
615,Drama,1996
616,Comedy,1974
617,Mystery|Thriller,1958
618,Drama,1957
619,Action|Adventure,1981
620,Comedy,1934
621,Adventure|Children's|Drama|Musical,1939
622,Horror|Thriller,1960
623,Drama,1994
624,Musical|Romance,1952
625,Drama|Romance|War|Western,1994
626,Action|Romance|War,1992
627,Drama|Romance,1997
628,Comedy,1950
629,Comedy,1993
630,Action|Romance|Thriller,1994
631,Action,1996
632,Comedy,1995
633,Drama,1997
634,Action|Drama,1976
635,Comedy|Drama|Sci-Fi,1999
636,,-
637,Action|Comedy|War,1970
638,Musical|Romance,1961
639,Drama,1998
640,Adventure,1975
641,Crime|Thriller,1997
642,Action|Adventure|Horror|Thriller,1999
643,Drama|Romance,1961
644,Children's|Comedy|Western,1979
645,Romance,1957
646,Comedy|Romance|Thriller,1955
647,Drama,1941
648,Action|Crime|Romance,1993
649,Animation|Children's|Comedy,2000
650,Action|Crime|Thriller,1998
651,Action|Romance|Thriller,1997
652,Comedy|Sci-Fi,1999
653,Comedy|Romance,1997
654,Drama|Romance,1946
655,Drama,1945
656,Comedy|Drama,1988
657,Drama,1984
658,Action|Adventure|Sci-Fi|Thriller,1981
659,Drama,1999
660,Drama,1996
661,Drama,1994
662,Drama,2000
663,Drama,1982
664,Comedy|Mystery|Romance|Thriller,1963
665,,-
666,Comedy,1997
667,Drama,1997
668,Horror|Romance,1992
669,Comedy|Romance|Thriller,1993
670,,-
671,Drama,2000
672,Drama|Romance,1996
673,,-
674,Comedy|Sci-Fi,1987
675,Adventure|Animation|Children's|Sci-Fi,1978
676,Animation|Children's|Musical,1999
677,Animation|Children's,1982
678,Comedy|Drama,1983
679,Action|Adventure,1984
680,Drama|Romance,1993
681,Animation|Children's,1961
682,Comedy|Romance,1991
683,Drama,1986
684,Comedy,1988
685,Action|Mystery|Thriller,1998
686,Drama|Sci-Fi,1984
687,Drama|Mystery,1985
688,Action|Adventure|Romance|War,1951
689,Action|Adventure|Animation|Horror|Sci-Fi,1981
690,Comedy|Drama|War,1987
691,Documentary,1995
692,Adventure|Fantasy|Romance,1985
693,Animation|Children's,1973
694,Action|Adventure,1986
695,Drama,1993
696,Drama,1988
697,Action|Drama|Fantasy|Romance,1981
698,Drama,1997
699,Action|Sci-Fi,1981
700,Comedy|Crime|Drama,1989
701,Drama,1980
702,Drama|Romance,1993
703,Drama,1999
704,,-
705,Drama,1999
706,Comedy,1999
707,Animation|Children's|Musical,1994
708,,-
709,Drama|Thriller,1943
710,Action|Adventure|Drama,1959
711,Animation|Children's|Musical,1937
712,Drama,1993
713,Children's|Drama,1993
714,Drama,1990
715,Drama,1999
716,Drama,1989
717,Thriller,1964
718,Comedy|Drama,1997
719,Documentary|War,1983
720,Comedy|Musical,1965
721,Drama,1932
722,Comedy,2000
723,Action|Comedy,1992
724,Action|Adventure|Romance,1998
725,Crime|Horror|Mystery|Thriller,1997
726,Drama|Thriller,1994
727,Comedy|Drama|Thriller,1997
728,Drama|Thriller,1993
729,Thriller,1991
730,,-
731,Action|Thriller,1990
732,Crime|Drama|Mystery|Thriller,1998
733,Drama|Thriller,1995
734,Film-Noir|Sci-Fi|Thriller,1998
735,Thriller,1992
736,Thriller,1990
737,Crime|Drama|Thriller,1996
738,Comedy|Horror|Musical|Sci-Fi,1975
739,Drama|Sci-Fi,1995
740,Crime|Drama|Sci-Fi,1992
741,Drama|Sci-Fi,1997
742,Children's|Drama|Fantasy|Sci-Fi,1982
743,Action|Sci-Fi|Thriller,1984
744,Comedy|Sci-Fi,1991
745,,-
746,,-
747,Comedy|Crime|Drama|Mystery,1997
748,Crime|Drama|Mystery,1997
749,Drama|Mystery,1991
750,Drama|Mystery,1986
751,Horror|Mystery|Thriller,1990
752,Mystery|Thriller,1997
753,Mystery|Thriller,1954
754,Drama|Mystery,1974
755,Film-Noir|Mystery|Thriller,1974
756,Mystery|Thriller,1954
757,Crime|Film-Noir|Mystery|Thriller,1997
758,Comedy|Drama,1998
759,Comedy|Drama,1995
760,Comedy,1985
761,Comedy,1998
762,Comedy|Romance,1993
763,Comedy,1981
764,Comedy,1986
765,Comedy|Drama,1998
766,Comedy|Thriller,1998
767,Children's|Comedy|Drama,1995
768,Comedy|Drama|Romance,1991
769,Comedy|Drama,1996
770,Comedy,1979
771,Comedy,1983
772,Comedy,1988
773,Comedy|Drama|Western,1970
774,Comedy,1993
775,Comedy,1988
776,Comedy|Fantasy,1988
777,Drama,1998
778,Comedy|Documentary,1989
779,Comedy,1987
780,Children's|Comedy,1979
781,Comedy|Drama|Musical,1984
782,Comedy|Drama,1967
783,Comedy|Drama,1992
784,Comedy|Romance,1977
785,Adventure|Drama,1969
786,Action|Adventure|Sci-Fi,1993
787,Adventure|Thriller,1972
788,Action|Adventure|Crime,1993
789,Action|Thriller,1998
790,Action|Thriller,1998
791,Action|War,1984
792,Action|Romance,2000
793,Action,1992
794,Action|Adventure|Thriller,2000
795,Action|Adventure|Sci-Fi,1987
796,Action|Crime|Mystery,1997
797,Action|Adventure|Thriller,1997
798,Action|Drama|Sci-Fi|Thriller,1998
799,Action|Drama,1993
800,Action|Drama|Thriller|War,1997
801,Action|Romance|Thriller,1994
802,Action|Adventure|Crime,1995
803,Action|Horror|Sci-Fi,1984
804,Action|Thriller,1998
805,Action|Thriller,1996
806,,-
807,Action|Thriller,1992
808,Action|Adventure|Comedy|Horror|Sci-Fi,1993
809,Action|Comedy|Drama,1995
810,Action|Crime|Sci-Fi,1995
811,Action|Adventure|Comedy|Crime,1988
812,Action|Comedy|Musical,1980
813,Action|Drama|War,1987
814,Action|Sci-Fi,1997
815,,-
816,Action|Thriller,1998
817,Action|Crime|Drama,1999
818,,-
819,Action|Sci-Fi|Thriller,1999
820,Action|Sci-Fi|Thriller|War,1986
821,Action|Crime,1992
822,Comedy|Romance,1998
823,Action|Thriller,1999
824,Comedy,1998
825,Comedy,1999
826,Action|Thriller,1999
827,Comedy|Romance,1999
828,Drama,1986
829,,-
830,Comedy,1996
831,Comedy,1998
832,Comedy|Horror,1984
833,Drama,1999
834,Comedy,1999
835,Drama|Musical,1991
836,Drama|Thriller,2000
837,Comedy|Drama,2000
838,Drama|Horror,1999
839,Comedy,1999
840,Comedy|Romance,1999
841,Comedy,1997
842,Action|Comedy|Sci-Fi|War,1996
843,Documentary,1993
844,Documentary,2000
845,Documentary,1994
846,Documentary,1997
847,Comedy,2000
848,Comedy,2000
849,Adventure,1948
850,Drama|Romance,1991
851,Drama,1967
852,Drama,1959
853,Drama,1959
854,Horror,1995
855,Action|Drama|Western,1996
856,Drama,1994
857,Crime|Drama,1997
858,Comedy|Drama|Romance,1994
859,Comedy,2000
860,Horror,1963
861,Comedy|Drama,1995
862,Drama,1984
863,Drama|Thriller,1996
864,Comedy|Romance,1997
865,Comedy,1995
866,Thriller,1965
867,Comedy,1996
868,Comedy,1950
869,Comedy,1994
870,Comedy,1989
871,Drama,1946
872,,-
873,Mystery|Thriller,1944
874,Children's|Comedy,1977
875,Drama,1960
876,Action|Sci-Fi,1992
877,Drama,1973
878,Musical,1956
879,Action|Sci-Fi,2000
880,Drama,1994
881,Animation|Children's,2000
882,Drama,1994
883,Drama,1995
884,Comedy|Romance,1981
885,Drama|Romance|War,1992
886,Comedy,1989
887,Comedy,1994
888,Action|Comedy,1988
889,Documentary,1988
890,Comedy|Sci-Fi,1985
891,Drama|War,1978
892,Crime|Drama|Sci-Fi,1988
893,Action|Adventure,1989
894,,-
895,Action|Comedy|Musical|Sci-Fi,1995
896,,-
897,Action|Sci-Fi|Western,1999
898,Comedy|Drama,1992
899,Drama,1988
900,Action,1992
901,Drama,1961
902,Drama,1996
903,Comedy,1999
904,Drama|Romance,1993
905,Comedy,1998
906,Musical,1979
907,Comedy,1984
908,Action|Comedy|Romance|Thriller,1986
909,Thriller,1992
910,Drama,1999
911,Comedy|Drama|Romance,1996
912,Drama,1995
913,Drama|Musical,1996
914,Action|Romance|Sci-Fi,1979
915,Comedy|Drama,1995
916,Drama|Sci-Fi,1977
917,Horror|Thriller,1997
918,Comedy|Horror,2000
919,Comedy,1996
920,Comedy,2000
921,Thriller,2000
922,,-
923,Action|Sci-Fi|War,1953
924,Comedy,1991
925,Comedy,1998
926,Drama|Horror,1994
927,Drama|Thriller,1997
928,Horror|Sci-Fi,1995
929,Action|Romance|Thriller,1997
930,Drama|Sci-Fi|Thriller,1999
931,Comedy|Horror,1995
932,Action|Adventure|Sci-Fi,1980
933,Adventure|Drama|Romance|Sci-Fi,1984
934,Sci-Fi|Thriller,1975
935,,-
936,,-
937,Action|Sci-Fi,2000
938,Action|Adventure|Sci-Fi|Thriller|War,1998
939,Sci-Fi|Thriller,1973
940,Comedy|Drama,1994
941,Adventure|Sci-Fi|Thriller,1979
942,Action|Crime|Sci-Fi,1990
943,Children's|Comedy|Fantasy,1994
944,Children's|Sci-Fi,1978
945,Horror|Sci-Fi,1978
946,Comedy|Drama,1994
947,Action|Drama|War,2000
948,Children's|Comedy,1999
949,Drama|Horror,1993
950,,-
951,Horror,1990
952,Animation|Children's,1998
953,Drama,1993
954,Comedy|War,1970
955,Action|Sci-Fi|Thriller,1998
956,,-
957,Action|Sci-Fi,1979
958,,-
959,Adventure|Children's|Comedy|Fantasy|Sci-Fi,1989
960,Sci-Fi|Thriller,1996
961,Adventure|Animation|Children's|Comedy|Musical,1997
962,Comedy,1971
963,Comedy|Horror,1996
964,Adventure|Romance|Sci-Fi,1992
965,Action|Sci-Fi,1992
966,Adventure|Sci-Fi,1966
967,Drama|Thriller,1993
968,Drama|Romance,1990
969,Action|Crime,1990
970,Action|Adventure|Fantasy,1996
971,,-
972,Comedy,1992
973,Action|Romance,1990
974,Children's|Fantasy|Sci-Fi,1982
975,Comedy|Sci-Fi,1993
976,Sci-Fi,1979
977,Adventure|Sci-Fi,1968
978,Animation|Children's,1995
979,Animation|Children's,1998
980,Action|Comedy|Sci-Fi|Thriller,1990
981,,-
982,Action|Horror|Sci-Fi|Thriller,1992
983,Mystery|Sci-Fi,1984
984,Adventure|Children's|Fantasy|Sci-Fi,1954
985,Drama,1999
986,Crime,1973
987,Horror,1976
988,Film-Noir|Thriller,1951
989,Action|Drama,1990
990,Action|Adventure|Horror,1998
991,Comedy|Fantasy|Romance|Sci-Fi,1996
992,Comedy,1996
993,Comedy,1998
994,Drama|Sci-Fi,1991
995,Horror,1958
996,Comedy,1979
997,Comedy,1936
998,Comedy,1969
999,Comedy|Drama,1999
1000,Documentary,1995
1001,Documentary,1990
1002,Action|Drama|Thriller,1995
1003,Comedy,1967
1004,Drama,1992
1005,Drama,1994
1006,Comedy,1990
1007,Drama|Romance,1992
1008,Drama|Romance,1945
1009,Drama,1995
1010,Sci-Fi|Thriller,1995
1011,Drama,1941
1012,Drama,2000
1013,Action|Adventure|Animation,1997
1014,Action,2000
1015,Drama|Sci-Fi,1972
1016,Children's|Comedy,1970
1017,Action|Thriller,1994
1018,Drama,1988
1019,Drama,1981
1020,Action|Adventure|Mystery,1985
1021,Drama,1988
1022,Action|Adventure|Fantasy,1988
1023,Comedy|Drama,1986
1024,Drama|Romance,1987
1025,Children's|Horror,1983
1026,Drama,1986
1027,Comedy|Drama,1983
1028,Adventure|Children's,1985
1029,Western,1985
1030,Drama,1983
1031,Horror,1980
1032,Drama,1986
1033,Drama,1982
1034,Drama,1988
1035,Crime|Drama,1989
1036,Drama,1989
1037,Drama|War,1989
1038,Drama|War,1984
1039,Drama|Romance,1988
1040,Drama|Romance,1986
1041,Comedy|Romance,1989
1042,Documentary,1981
1043,Children's|Comedy,1993
1044,Crime|Drama,1996
1045,,-
1046,Drama|Thriller,1996
1047,Drama|Romance,1995
1048,,-
1049,Comedy|Romance,1997
1050,Thriller,1996
1051,Children's|Comedy,1996
1052,Children's|Comedy,1997
1053,Drama|Romance,1998
1054,Drama,1993
1055,Action|Drama|Romance,1998
1056,Drama|Horror,1996
1057,Drama,1999
1058,Comedy,1997
1059,Horror,1999
1060,Drama|Romance,1995
1061,Action|Adventure|Western,1995
1062,Comedy,1995
1063,Drama|Musical,1997
1064,Drama|Mystery|Romance,1993
1065,Drama,1996
1066,Comedy,1994
1067,,-
1068,Crime|Drama,1998
1069,Comedy,1997
1070,Comedy,1993
1071,Drama,1995
1072,Drama,1997
1073,Horror,1992
1074,,-
1075,Drama,1999
1076,Western,1994
1077,Action|Adventure,1996
1078,Drama,1999
1079,Drama,1994
1080,Drama|Romance,1999
1081,Adventure|Drama,1994
1082,Drama,1996
1083,Drama|Romance,1995
1084,Drama,1998
1085,Drama,1995
1086,Comedy|Drama|Romance,1995
1087,Drama,1993
1088,Drama|Romance,1991
1089,Drama,1998
1090,Children's|Comedy,1996
1091,Drama|Horror,1994
1092,Crime|Drama|Thriller,1995
1093,Drama|Romance,1997
1094,Drama|Romance,1996
1095,,-
1096,Romance,1997
1097,Comedy|Drama|Romance,1998
1098,Drama,1998
1099,Drama,1995
1100,Drama,1995
1101,Drama|War,1995
1102,Drama,1996
1103,Drama|Romance,1992
1104,Drama,1996
1105,,-
1106,Action|Drama,1991
1107,Drama,1999
1108,Drama|Romance,1995
1109,Drama|Romance,1997
1110,Adventure|Children's,1996
1111,Drama,1996
1112,Drama,1996
1113,Comedy,1995
1114,Adventure|Comedy|Sci-Fi,1999
1115,Sci-Fi|Thriller,1997
1116,,-
1117,Drama,1995
1118,Drama,1990
1119,Drama,1999
1120,Drama,1996
1121,Drama,1998
1122,Thriller,1997
1123,Drama|Thriller,1993
1124,Drama,1993
1125,Drama,1993
1126,Drama,1999
1127,Drama,1993
1128,Drama,1992
1129,Adventure|Children's|Comedy,1998
1130,Drama,1998
1131,Romance,1995
1132,Drama,1993
1133,Drama|Romance,1998
1134,Drama,1990
1135,Drama,1993
1136,Drama,1996
1137,Mystery,1996
1138,Drama,1998
1139,Drama,1998
1140,Animation|Children's,1999
1141,Horror,1995
1142,Drama,1995
1143,Documentary,1996
1144,,-
1145,Drama,1990
1146,Comedy|Drama,2000
1147,Thriller,2000
1148,Horror|Sci-Fi|Thriller,2000
1149,,-
1150,Horror|Mystery|Thriller,2000
1151,Comedy|Horror|Thriller,2000
1152,Comedy|Drama,2000
1153,Action,2000
1154,Drama|Romance,2000
1155,Drama|Musical,2000
1156,Comedy|Drama,2000
1157,Drama,1990
1158,Drama|Romance,1955
1159,Action|Adventure|Sci-Fi,1976
1160,Action|Crime|Drama,1995
1161,Drama,1963
1162,Drama,1992
1163,Drama,1996
1164,Adventure|Comedy,1987
1165,Comedy|Romance,1992
1166,,-
1167,Drama|Thriller,1996
1168,Action|Comedy|War,1993
1169,Comedy|Musical,1982
1170,Comedy,1986
1171,Comedy,1963
1172,Children's|Comedy|Musical,1964
1173,Animation|Children's|Comedy|Musical|Romance,1955
1174,Action|Horror,1978
1175,Action,1974
1176,Action,1973
1177,Action,1977
1178,Comedy,1999
1179,Comedy,2000
1180,Comedy|Romance|Sci-Fi,1998
1181,Drama,1984
1182,Adventure|Children's,1994
1183,Drama,1959
1184,Musical|Romance,1964
1185,Drama|War,2000
1186,Drama|Musical,1993
1187,Action|Adventure|Sci-Fi,1999
1188,Drama|Romance,1999
1189,Drama|Thriller,1997
1190,Drama,1998
1191,Sci-Fi|Thriller,1999
1192,Animation|Children's|Comedy,2000
1193,Drama,1999
1194,Comedy,1991
1195,Drama|Romance,2000
1196,Comedy,2000
1197,Comedy|Drama,2000
1198,Comedy,2000
1199,Drama|Thriller,2000
1200,Adventure|Sci-Fi,2000
1201,Drama|War,1937
1202,Drama,1989
1203,Horror,1980
1204,Horror,1981
1205,,-
1206,,-
1207,,-
1208,,-
1209,,-
1210,,-
1211,Drama,1986
1212,Drama,1997
1213,Drama,1994
1214,Horror,1988
1215,Comedy,1978
1216,Comedy|Romance,1986
1217,Comedy,1997
1218,Comedy|Drama|Romance,1992
1219,Drama,1975
1220,Comedy,1987
1221,Crime|Drama,1997
1222,Crime,2000
1223,Action|Comedy,1979
1224,Drama,1997
1225,Crime|Film-Noir|Mystery|Thriller,1995
1226,Action|Adventure|Sci-Fi,1991
1227,Drama,1995
1228,Drama,2000
1229,Action|Crime|Drama,1993
1230,Comedy,1996
1231,,-
1232,Comedy|Romance,1997
1233,Drama,1945
1234,Drama|Western,1963
1235,Western,1952
1236,Action|Adventure|Thriller,1995
1237,Action,1964
1238,Action,1962
1239,Comedy,1974
1240,Comedy|Fantasy,1999
1241,Crime|Drama,1990
1242,Drama,1967
1243,Crime|Drama,1997
1244,Drama,1997
1245,Drama,1970
1246,,-
1247,Drama|Romance,1996
1248,Action|Thriller,1989
1249,Action,1989
1250,Drama,2000
1251,Drama,2000
1252,Comedy,2000
1253,Drama,1994
1254,Drama,1999
1255,Crime|Drama,1996
1256,Drama,1998
1257,Action|Adventure,1962
1258,Drama,1975
1259,Drama,1947
1260,Crime,1997
1261,Crime|Film-Noir,1950
1262,Children's|Comedy,1996
1263,Comedy|Documentary,2000
1264,Drama,1963
1265,Drama,1980
1266,Crime|Thriller,1937
1267,Comedy,1997
1268,Comedy|Romance,1999
1269,Comedy,1994
1270,Film-Noir,1955
1271,Crime|Film-Noir|Thriller,1958
1272,Crime|Drama|Film-Noir,1990
1273,Comedy,2000
1274,Drama,1997
1275,Action|Comedy|Crime|Drama,1998
1276,Drama,1996
1277,Drama,1987
1278,Crime|Film-Noir,1956
1279,Comedy,1994
1280,Comedy,1995
1281,Comedy|Horror,1992
1282,,-
1283,Drama,1999
1284,Horror|Sci-Fi,1955
1285,Horror,1974
1286,Comedy|Horror,1999
1287,,-
1288,Horror,1995
1289,Horror,1997
1290,Horror,1974
1291,Comedy|Crime|Horror,1994
1292,Horror,2000
1293,Horror|Thriller,1995
1294,Horror,1954
1295,Horror,1978
1296,Drama|Romance,1994
1297,Documentary,1998
1298,Documentary,1957
1299,Animation|Children's,1970
1300,Drama,1957
1301,Crime|Drama,1993
1302,Action|Sci-Fi|Thriller,1996
1303,Action|Adventure|Thriller,1997
1304,Adventure|Animation|Film-Noir,1988
1305,Drama,1993
1306,Animation|Comedy,1992
1307,Drama,1984
1308,Comedy|Drama,1986
1309,Drama,1982
1310,Animation|Comedy,1990
1311,Animation|Comedy|Thriller,1995
1312,Drama,1999
1313,Crime|Mystery,1999
1314,Drama,2000
1315,Children's|Comedy,1997
1316,Animation|Children's|Musical,1991
1317,Adventure|Western,1969
1318,Children's|Comedy,1963
1319,Comedy|Drama|Romance,1985
1320,Drama,1991
1321,Comedy,1967
1322,Comedy,1993
1323,Drama,1961
1324,Comedy|Romance,1994
1325,Drama,1997
1326,Drama,1955
1327,Action|Adventure|Fantasy,1984
1328,,-
1329,Children's|Drama|Fantasy,1996
1330,Animation|Children's|Fantasy|War,1998
1331,Adventure|Animation|Children's|Comedy|Fantasy,1996
1332,Drama|War,1957
1333,Action|Drama,1974
1334,Documentary,1992
1335,Documentary,1997
1336,Comedy,1995
1337,Action|Comedy,1993
1338,Comedy,1996
1339,Comedy|Drama,1996
1340,Comedy,1985
1341,Comedy,1988
1342,Comedy,1983
1343,Comedy|Drama,1997
1344,Comedy,1986
1345,Comedy|Drama,1994
1346,Comedy|Drama,1991
1347,Action|Adventure|Sci-Fi|War,1997
1348,Action|Adventure|Fantasy,1958
1349,Horror|Thriller,1962
1350,Drama,1962
1351,Drama,1995
1352,Comedy,1996
1353,Action,1969
1354,Musical,1962
1355,Comedy|Musical,1953
1356,Drama|Thriller,1979
1357,Crime|Drama|Romance|Thriller,1996
1358,Comedy,1983
1359,Comedy|Drama|Romance,1986
1360,Comedy|Romance,1986
1361,Comedy,1980
1362,Comedy|Drama,1988
1363,Comedy|Drama,1984
1364,Thriller,1985
1365,Drama,1981
1366,Horror|Thriller,1982
1367,Horror,1981
1368,Comedy|Drama,1985
1369,Thriller,1987
1370,Drama,1980
1371,Drama,1980
1372,Comedy|Drama,1983
1373,Drama,1982
1374,Musical,1965
1375,Crime|Drama,1991
1376,Action|Comedy|Crime|Drama,1987
1377,Action,1982
1378,Action|Crime|Drama,1987
1379,Action|Drama|War,1989
1380,Action|Thriller,1993
1381,Drama|Sci-Fi,1951
1382,Drama|Sci-Fi|Thriller,1997
1383,Drama|Romance,1980
1384,Action|Adventure|Drama,1985
1385,Adventure|Children's|Drama,1949
1386,Adventure|Drama|Thriller,1963
1387,Comedy|Drama,1992
1388,Comedy,1996
1389,Drama,2000
1390,Action|Adventure|Horror,1933
1391,Drama|Musical|War,1982
1392,Romance,1996
1393,Comedy,1999
1394,War,1995
1395,Action|Drama|Romance,1990
1396,Drama,1984
1397,Action|Adventure,1938
1398,Action,1974
1399,Drama|Mystery,1998
1400,Musical,1949
1401,Film-Noir|Mystery,1941
1402,Drama,1994
1403,Comedy|Romance,1985
1404,Comedy|Sci-Fi,1973
1405,Drama|Romance|War,1927
1406,Drama|Thriller|War,1944
1407,Film-Noir,1947
1408,Comedy|War,1933
1409,Drama,1998
1410,Mystery,1934
1411,Comedy|Romance,1940
1412,Comedy,1959
1413,Drama,1978
1414,Drama,1969
1415,Drama,1993
1416,Children's|Comedy|Sci-Fi,1992
1417,Comedy,1994
1418,Children's|Musical,1992
1419,Comedy,1980
1420,Drama|Romance,1947
1421,Comedy|Drama|Romance,1979
1422,Comedy|Drama|Romance,1931
1423,Horror,1985
1424,Documentary,1995
1425,,-
1426,Sci-Fi,1951
1427,Comedy|Mystery|Thriller,1944
1428,Film-Noir|Mystery,1946
1429,Drama,1979
1430,Drama,1959
1431,Drama,1934
1432,Horror,1931
1433,Action|Adventure|Comedy|Romance,1984
1434,Drama|Romance,1982
1435,Comedy|Drama|Romance,1987
1436,Comedy|Musical|Romance,1937
1437,Drama|Romance,1989
1438,Drama,1973
1439,Drama|War,1987
1440,Drama,1983
1441,Drama,1964
1442,Musical|Romance,1987
1443,Comedy|Musical,1957
1444,Comedy|Musical,1942
1445,Drama|Musical,1964
1446,Animation|Children's|Musical,1940
1447,Musical|War,1972
1448,Musical,1955
1449,Comedy|Drama|Romance,1985
1450,Drama|Romance,1994
1451,Drama|Romance,1997
1452,Musical|Romance,1951
1453,Romance,1955
1454,Musical|Romance|War,1958
1455,Drama|Romance,1995
1456,Drama|Romance,1992
1457,Drama|Romance|War,1965
1458,Film-Noir|Romance|Thriller,1946
1459,Comedy|Musical|Romance,1935
1460,Drama,1999
1461,Drama,1994
1462,War,1958
1463,Drama,1986
1464,Thriller,1975
1465,Comedy,1996
1466,Comedy,1950
1467,Comedy|Romance,1984
1468,Comedy|Romance,1999
1469,Drama|Romance,1985
1470,Drama|Romance,1983
1471,Comedy|Drama|Romance,1986
1472,Comedy|Romance,1977
1473,Comedy|Fantasy|Romance,1984
1474,Action|Crime|Romance,1998
1475,Drama|Romance,1967
1476,Drama|Romance|War,1939
1477,Drama|War,1970
1478,Drama,1995
1479,Horror|Sci-Fi,1986
1480,Horror|Thriller,1968
1481,Comedy|Drama,1998
1482,Drama,1991
1483,Comedy,1993
1484,Comedy,1997
1485,Comedy|Drama,1994
1486,Horror,1980
1487,Action|Drama,1990
1488,Comedy,1995
1489,Action|Adventure|Comedy,1990
1490,Drama,1997
1491,Comedy,1995
1492,Action|Children's,1994
1493,Drama,1999
1494,Action,1998
1495,Comedy|Drama|Romance,1996
1496,Drama|War,1995
1497,Thriller,1999
1498,Comedy|Sci-Fi,2000
1499,Action|Thriller,1999
1500,Comedy,1999
1501,Action|Thriller,1996
1502,Action|Thriller,2000
1503,Drama,1966
1504,Drama,1995
1505,Action|Drama|Thriller,1998
1506,Action|Comedy|Western,1994
1507,Drama|Mystery,1991
1508,Romance,1998
1509,Adventure|Children's|Drama,1997
1510,Drama,1995
1511,Comedy|Romance,1995
1512,Crime|Thriller,1999
1513,Comedy,1996
1514,Comedy|Drama,1992
1515,Drama|Thriller,1996
1516,Comedy|Drama|Romance,1995
1517,Drama,1998
1518,,-
1519,Drama,1997
1520,Comedy,1996
1521,Comedy,1997
1522,Drama,1986
1523,Drama,1978
1524,Drama,1986
1525,Comedy,1986
1526,Crime|Drama,1973
1527,Drama,1999
1528,Comedy,1940
1529,,-
1530,Drama,1947
1531,Action|Drama|Thriller,2000
1532,Comedy,1996
1533,Comedy|Romance,1995
1534,Comedy,1998
1535,Comedy|Crime,1998
1536,,-
1537,Comedy|Romance,1999
1538,Documentary,1999
1539,Comedy,2000
1540,Comedy,1999
1541,Comedy|Drama,1988
1542,Thriller,1974
1543,Drama,1993
1544,Sci-Fi,1967
1545,Action|Comedy,1998
1546,Horror,1997
1547,Comedy|Crime,1998
1548,Action|Drama,1953
1549,Comedy|Drama,1998
1550,Thriller,1998
1551,Horror|Sci-Fi,1998
1552,Horror|Thriller,1983
1553,Drama|Romance,1998
1554,Comedy|Romance,1995
1555,Comedy,1996
1556,Animation|Children's,1940
1557,Drama,1973
1558,Drama,1970
1559,Action|Thriller|War,1997
1560,Action|Children's|Fantasy,1990
1561,,-
1562,Mystery|Thriller,1997
1563,Comedy|Mystery|Romance,1994
1564,Comedy|Crime|Fantasy,1994
1565,Thriller,1956
1566,Action|Drama,1997
1567,Drama,1998
1568,Horror,1958
1569,Comedy,1997
1570,Comedy|Crime|Thriller,1999
1571,Action|Adventure|Comedy,1986
1572,Action|Adventure,1974
1573,Action|Sci-Fi,1998
1574,Comedy,1989
1575,Action|Sci-Fi,1954
1576,Action|Sci-Fi,1984
1577,Comedy,1996
1578,Adventure|Drama|Romance,1980
1579,Horror,1989
1580,,-
1581,,-
1582,Action|Adventure,1977
1583,Action,1981
1584,,-
1585,Comedy,1989
1586,Comedy|Crime|Thriller,1982
1587,,-
1588,Action|Comedy|Musical,1998
1589,Action|Comedy,1998
1590,Horror|Thriller,1999
1591,Action|Adventure|Crime|Drama,1989
1592,Action|Adventure|Crime,1997
1593,,-
1594,Action|Adventure|Comedy|Crime,1992
1595,Action|Adventure|Comedy|Crime,1995
1596,Action|Adventure,1998
1597,Drama,1998
1598,Drama|Romance,1996
1599,Action,1999
1600,Comedy,1996
1601,Comedy|Drama,2000
1602,Horror|Sci-Fi,1985
1603,Action|Sci-Fi|Thriller,1995
1604,Horror|Sci-Fi,1989
1605,Sci-Fi,1971
1606,Action|Adventure|Sci-Fi,1994
1607,Drama|Mystery,1967
1608,Drama|Mystery|Romance,1994
1609,Comedy|Romance,1957
1610,Comedy|Romance,1999
1611,Crime|Drama,1998
1612,Horror|Sci-Fi,1962
1613,Thriller,1993
1614,Action|War,1986
1615,Action|Adventure,1995
1616,Western,1955
1617,Sci-Fi,1956
1618,Drama,1995
1619,Action|Thriller,1976
1620,Thriller,1990
1621,Drama,1995
1622,,-
1623,Animation|Children's,2000
1624,Action|Thriller,1997
1625,Adventure|Children's|Comedy,1996
1626,Comedy,1997
1627,Horror,1957
1628,Drama|Romance,1993
1629,Drama,1995
1630,Comedy,1931
1631,Drama,1985
1632,Drama,1952
1633,Drama,1981
1634,Action|War,1984
1635,Action|War,1986
1636,Horror,1977
1637,Horror|Mystery|Thriller,1998
1638,Action|Horror,1983
1639,Horror,1961
1640,Horror,1978
1641,,-
1642,Action|Adventure|Horror,1976
1643,Horror,1990
1644,Horror|Sci-Fi,1968
1645,Comedy|Romance,1994
1646,Comedy|Drama,1994
1647,Crime|Drama,1998
1648,Comedy,2000
1649,Drama,1955
1650,Drama,1952
1651,Comedy|Mystery,1993
1652,Drama,1937
1653,Comedy|Drama,1995
1654,Western,1956
1655,Drama|War,1980
1656,Drama,1963
1657,Horror|Sci-Fi,1933
1658,Film-Noir|Mystery|Thriller,1987
1659,Action|Adventure,1985
1660,Horror,1985
1661,Horror|Thriller,1999
1662,Comedy,1999
1663,Comedy|Romance,1940
1664,Adventure|Children's|Comedy,1980
1665,Comedy,1996
1666,,-
1667,Children's|Drama,1950
1668,Comedy|Drama,1958
1669,Horror|Romance,1932
1670,Adventure|Animation|Children's,1939
1671,Action|Comedy,2000
1672,Comedy|Drama,2000
1673,Drama,1992
1674,,-
1675,Children's|Comedy,1994
1676,Drama,1993
1677,Animation|Children's|Comedy|Musical,1992
1678,Comedy,1998
1679,Drama,1995
1680,Comedy|Drama|War,1994
1681,Adventure|Children's,1995
1682,Comedy,1963
1683,Drama,1990
1684,Thriller,1990
1685,Action,1996
1686,Drama,1997
1687,Action|Adventure|Thriller,1994
1688,Comedy|Musical,1945
1689,Drama,1991
1690,Drama,1961
1691,Drama,1996
1692,Horror,1995
1693,Romance,1996
1694,Adventure,1981
1695,Thriller,1998
1696,Documentary,2000
1697,Drama|Romance|Thriller,1997
1698,Comedy,1994
1699,Drama,1996
1700,Comedy|Romance,1954
1701,Comedy|Romance,1994
1702,Drama|War,1925
1703,Mystery|Thriller,1941
1704,Comedy,1940
1705,Comedy|Romance,1941
1706,Drama,1980
1707,Drama,1933
1708,Crime|Thriller,1981
1709,Horror|Sci-Fi|Thriller,1999
1710,Comedy|Drama,1976
1711,Horror,1922
1712,Drama,1956
1713,Comedy,1985
1714,Comedy,1994
1715,Horror|Thriller,1998
1716,Children's|Comedy,1959
1717,Drama,1998
1718,Drama|Romance,1996
1719,Comedy|Horror|Musical,1986
1720,Horror|Sci-Fi,1998
1721,Comedy|Drama,1999
1722,Drama,1999
1723,Drama|Thriller|War,1995
1724,Drama|Thriller,1999
1725,Drama|Thriller,1999
1726,Comedy|Drama,1999
1727,Action|Comedy|Crime|Drama,1992
1728,Children's|Drama,1998
1729,Drama,1999
1730,Adventure|Drama,1996
1731,Comedy|Drama,1997
1732,Comedy|Drama,1998
1733,Drama|Romance,1998
1734,Drama,1998
1735,Drama,1998
1736,Drama,1996
1737,Drama,1990
1738,Drama,1995
1739,Thriller,2000
1740,,-
1741,Action|Crime,2000
1742,Drama|Romance,2000
1743,Drama|Thriller,2000
1744,Drama,2000
1745,Drama,1996
1746,Comedy,1927
1747,Comedy,1985
1748,Documentary,1998
1749,Adventure,1952
1750,Thriller,1946
1751,Drama|Mystery,1975
1752,Children's|Musical,1992
1753,Action|Horror|Sci-Fi,1987
1754,,-
1755,Mystery|Romance|Thriller,1945
1756,Drama,1999
1757,Drama,1998
1758,Thriller,1999
1759,Comedy,1998
1760,Drama,1998
1761,Action|Sci-Fi|Thriller,1999
1762,Drama,1999
1763,Drama,2000
1764,Drama,1998
1765,Thriller,1994
1766,,-
1767,,-
1768,Drama|Romance,1994
1769,Comedy|Horror,1960
1770,Animation|Children's|Comedy|Romance,1995
1771,Action|Children's|Fantasy,1993
1772,Adventure|Fantasy|Romance,1985
1773,Comedy|Romance,2000
1774,Comedy,1999
1775,Action|Adventure|Sci-Fi,1995
1776,Animation|Children's,1977
1777,Children's|Comedy,1998
1778,Adventure|Children's|Comedy|Fantasy,1997
1779,Animation|Children's,1999
1780,Animation|Children's|Drama|Fantasy,1978
1781,Animation|Children's|Comedy|Musical,1967
1782,Animation|Children's,1942
1783,Children's|Drama,1995
1784,Drama|War,1993
1785,Comedy,1991
1786,Comedy,1991
1787,Comedy|Romance,1998
1788,Thriller,1936
1789,Drama,1997
1790,Comedy,1972
1791,Drama,1981
1792,Drama,1971
1793,Comedy,1983
1794,Drama|Romance,1998
1795,Drama,1996
1796,Drama,1999
1797,Drama|Horror,1994
1798,Action|Drama,1974
1799,Thriller,1993
1800,Drama|Thriller,1994
1801,Drama,1990
1802,Children's|Drama,1957
1803,Comedy|Western,1965
1804,Western,1973
1805,Drama|Romance,1968
1806,Drama,1994
1807,Western,1969
1808,Drama,1947
1809,Drama|Mystery,1966
1810,Horror|Sci-Fi,1994
1811,Horror,1982
1812,,-
1813,Comedy,1990
1814,Children's|Comedy,1994
1815,,-
1816,,-
1817,Crime|Horror|Thriller,1998
1818,Action|Drama|Romance|Thriller,1992
1819,Horror,1992
1820,Children's|Comedy,1994
1821,Action|Comedy,1997
1822,Drama|Mystery|Thriller,1994
1823,Animation|Comedy,1996
1824,,-
1825,Drama,1990
1826,Action|Thriller,1999
1827,Crime|Film-Noir|Thriller,1931
1828,Comedy,2000
1829,Film-Noir|Thriller,1993
1830,Comedy,1995
1831,Comedy,2000
1832,Horror|Thriller,1990
1833,Comedy,1986
1834,Drama,1980
1835,Action|Crime,1990
1836,Drama,1979
1837,Drama,1999
1838,Comedy,2000
1839,Drama,1998
1840,Drama,1997
1841,Action|Drama|War,1962
1842,Children's|Comedy,1984
1843,Comedy,1925
1844,Action|Adventure|Sci-Fi|Thriller,1996
1845,Adventure|Comedy,1986
1846,Comedy|Horror,1980
1847,Children's|Comedy,1971
1848,Animation|Musical,1968
1849,Children's|Comedy,1981
1850,Comedy,1999
1851,Action|Adventure,1995
1852,Drama|Thriller,1994
1853,Comedy|Drama|Romance,1994
1854,Drama,1979
1855,Adventure|Children's,1996
1856,Animation|Children's|Musical|Romance,1995
1857,Animation|Children's,1968
1858,Drama,1995
1859,Animation|Children's,1963
1860,Comedy|Romance,1997
1861,Drama|Romance,1998
1862,Comedy|Romance,1998
1863,Comedy|Romance,1999
1864,Drama|Romance,1993
1865,Comedy|Romance,1994
1866,Drama,1999
1867,Drama|Romance,1999
1868,Drama|Horror,1999
1869,Drama,1985
1870,Thriller,1978
1871,Comedy,1938
1872,Drama|Thriller,1956
1873,Drama,1997
1874,Comedy,1982
1875,Children's|Comedy,1996
1876,Comedy|Musical,1967
1877,Comedy|Romance,1995
1878,Comedy|Horror,1948
1879,,-
1880,Action|Adventure|Thriller,1994
1881,Mystery|Romance|Thriller,1993
1882,Comedy|Drama,1994
1883,Drama,1986
1884,Comedy,1989
1885,Comedy|Western,1978
1886,Drama|Western,1971
1887,Children's|Comedy|Western,1975
1888,,-
1889,Comedy|War,1997
1890,Action|War,1995
1891,Action|Adventure|Comedy|War,1995
1892,Action|Drama|War,1997
1893,Drama|War,1997
1894,Comedy|Romance,1996
1895,Drama|War,1985
1896,Action|Comedy|Crime|Horror|Thriller,1996
1897,Comedy|Drama|Romance,1998
1898,Comedy|Drama,1994
1899,Comedy|Musical|Romance,1996
1900,Documentary,1996
1901,Comedy,1998
1902,Action|Comedy|Crime,1997
1903,Comedy,2000
1904,,-
1905,Action|Comedy|Crime|Drama,1992
1906,Comedy,1990
1907,Drama,1993
1908,Comedy,1996
1909,Crime|Drama,1994
1910,Drama,1998
1911,Action|Comedy,1986
1912,Drama,1997
1913,Drama,1996
1914,Horror,1960
1915,,-
1916,Drama|Mystery,1996
1917,Drama|Romance,1995
1918,Comedy,1968
1919,Drama|War,1957
1920,Comedy,1942
1921,Comedy|Drama|Romance,1987
1922,Comedy,1984
1923,Comedy,1942
1924,Animation|Mystery,1997
1925,Drama,1955
1926,Comedy,1936
1927,Action|Thriller,1995
1928,Drama|Romance,1951
1929,Children's|Comedy,1997
1930,Drama|War,1968
1931,Comedy|Romance,1996
1932,Comedy|Sci-Fi,1994
1933,Comedy,1997
1934,Animation|Children's,2000
1935,Action|Thriller,1996
1936,Comedy,1998
1937,Action|Thriller,1998
1938,Adventure|Children's,1998
1939,Drama|Romance,1999
1940,Drama,1937
1941,Comedy|Musical|Romance,1934
1942,Comedy,1938
1943,Thriller,1995
1944,Thriller,1948
1945,Sci-Fi|Thriller,1997
1946,Thriller,1999
1947,Adventure|Romance,1997
1948,Drama,1999
1949,Action|Adventure,1982
1950,Comedy|Drama,2000
1951,Crime|Drama,1999
1952,Comedy,1963
1953,Action|War,1967
1954,Drama|Sci-Fi,1984
1955,Horror,1959
1956,Drama,1987
1957,Comedy|Thriller,1993
1958,Thriller,1965
1959,Drama,1995
1960,Adventure|Drama,1974
1961,Comedy,1999
1962,Drama,1982
1963,Drama,1949
1964,Comedy|Drama,1987
1965,Drama,1996
1966,Drama,1993
1967,Comedy,1996
1968,Drama,1999
1969,Drama,1940
1970,Drama,1957
1971,,-
1972,Comedy|Documentary,1997
1973,Comedy,1983
1974,,-
1975,Comedy,1986
1976,Comedy|Romance,1997
1977,Miami Beach (1988),-
1978,Drama|Thriller,1996
1979,Drama,1996
1980,Comedy,1994
1981,Drama|Romance,1991
1982,,-
1983,Thriller,1992
1984,Drama,1995
1985,Drama,1994
1986,Drama,1994
1987,Children's|Drama,1961
1988,Drama,1998
1989,Drama,1998
1990,,-
1991,Action|Thriller,1998
1992,Romance,1984
1993,Drama|Romance,1995
1994,Drama|Romance|War,1953
1995,Drama|Musical,1975
1996,Crime|Drama|Film-Noir|Thriller,1948
1997,Film-Noir|Thriller,1943
1998,Comedy|Drama,1999
1999,Drama|Thriller,1998
2000,Children's|Comedy,1971
2001,Drama|Thriller,1998
2002,Horror|Sci-Fi,1956
2003,Drama,1927
2004,Comedy,1999
2005,Comedy|Romance,1996
2006,Adventure|Children's|Comedy,1977
2007,Action|Comedy,1993
2008,Comedy|Drama,1995
2009,Comedy,1998
2010,Comedy,1986
2011,Comedy|Horror,1989
2012,Comedy|Romance,1996
2013,Comedy,1997
2014,Comedy,1985
2015,Comedy,1992
2016,Comedy,1993
2017,Comedy|Romance,1990
2018,Comedy|Romance,1996
2019,Comedy,1985
2020,Comedy|Drama,1996
2021,Action|Comedy,1986
2022,Comedy|Drama,1995
2023,Comedy,1999
2024,Comedy|War,1991
2025,Comedy,1999
2026,Comedy|Romance,1997
2027,Comedy,1996
2028,Crime|Drama|Thriller,1997
2029,Crime|Thriller,1960
2030,Crime,1995
2031,Action|Adventure|Drama,1989
2032,Action,1986
2033,Action|Crime,1986
2034,Action|Adventure|Romance,1995
2035,,-
2036,Action|Thriller,1997
2037,Action,1988
2038,Action|Thriller,1994
2039,Mystery|Thriller,1995
2040,Mystery|Thriller,1997
2041,Action|Crime|Mystery|Thriller,1998
2042,Crime|Film-Noir|Thriller,1996
2043,Drama|Romance,1999
2044,Drama,1991
2045,Drama,1994
2046,Horror|Thriller,1984
2047,Sci-Fi|Thriller|War,1954
2048,Comedy,1920
2049,Drama,1984
2050,Drama|Romance,1997
2051,Drama|Romance,1999
2052,Action|Drama|Thriller,1997
2053,Drama,1994
2054,Drama|Romance,1997
2055,Drama,1994
2056,Drama,1999
2057,Drama|Romance,1995
2058,Adventure|Children's|Drama|Romance,1993
2059,Drama|Thriller,1992
2060,Drama,1996
2061,Drama|Romance,1995
2062,Drama|Thriller,1995
2063,Action|Drama,1993
2064,Drama,1995
2065,Drama,1998
2066,Drama,1996
2067,Drama,1992
2068,Drama,1999
2069,Drama,1997
2070,Action|Drama,1997
2071,Drama,1970
2072,Drama,1984
2073,Comedy|Sci-Fi,1984
2074,Horror|Sci-Fi,1958
2075,Comedy,1971
2076,Drama,1937
2077,Drama,1999
2078,Adventure,1935
2079,Drama,1988
2080,Drama,1971
2081,Crime|Drama,1978
2082,Romance,1999
2083,Drama|Romance,1990
2084,Comedy|Drama,1992
2085,Drama,1993
2086,Comedy|Romance,1995
2087,Comedy|Drama,1997
2088,Drama,1994
2089,Drama|Thriller,1994
2090,Drama,1995
2091,,-
2092,Comedy,1996
2093,Comedy|Romance,1998
2094,Comedy,1999
2095,Comedy,1994
2096,Comedy,1995
2097,Comedy,1996
2098,Children's|Comedy,1995
2099,Comedy|Horror,1986
2100,Horror|Sci-Fi|Thriller,1989
2101,,-
2102,Drama|Musical,1995
2103,Action|Comedy,1992
2104,War,1945
2105,Children's|Comedy|Drama,1960
2106,Drama,1999
2107,Romance,1999
2108,Horror,1963
2109,Thriller,1995
2110,Comedy|Thriller,1999
2111,Documentary,1997
2112,Documentary,1989
2113,Comedy,1987
2114,Comedy|Mystery,1997
2115,Action,1963
2116,Comedy,1972
2117,Comedy,1957
2118,Adventure|Crime|Sci-Fi|Thriller,1984
2119,Adventure|Comedy,1956
2120,Action|Adventure|War,1951
2121,Action|Drama|Mystery|Romance|Thriller,1981
2122,Drama,1999
2123,Comedy|Drama,1986
2124,Action|Sci-Fi,1994
2125,Children's|Comedy|Fantasy,1996
2126,Drama,1999
2127,Drama,1940
2128,Animation|Sci-Fi,1995
2129,Drama|War,1996
2130,Comedy,1986
2131,Comedy,1993
2132,Drama,1998
2133,Drama,1998
2134,Thriller,1964
2135,Action|Adventure|Romance|Thriller,1990
2136,Drama,2000
2137,Horror,1976
2138,Drama,1989
2139,Comedy,1996
2140,Drama,1999
2141,Adventure,1988
2142,Drama,1995
2143,Drama|War,1984
2144,Action|War,1978
2145,Children's|Comedy|Mystery,1997
2146,Animation|Children's,1973
2147,Drama,1996
2148,Adventure|Children's|Drama,1998
2149,Comedy|Drama|Romance,1999
2150,Comedy|Romance,1999
2151,Children's|Comedy,1994
2152,Comedy,1993
2153,Drama|Thriller,2000
2154,Animation|Children's,1981
2155,Comedy|Drama,1996
2156,Comedy|Romance,2000
2157,Children's,1986
2158,Children's|Comedy,1997
2159,Children's|Comedy,1994
2160,Comedy|Thriller,1986
2161,Drama,1995
2162,Comedy,1991
2163,Comedy,1974
2164,Drama|Romance,1997
2165,Comedy,1996
2166,Action|Drama,1982
2167,Drama|War,1997
2168,Drama,1997
2169,Documentary,1999
2170,Comedy,1982
2171,Crime|Drama|Romance,1995
2172,Drama,1984
2173,Drama,1979
2174,Drama,1998
2175,Drama,1979
2176,Comedy|Romance,1997
2177,Drama,1982
2178,Action|Crime,1996
2179,Drama,1994
2180,Comedy|Drama,1975
2181,Drama,1996
2182,Comedy,1992
2183,Animation|Children's|Musical,1996
2184,Drama,1997
2185,Drama,1995
2186,Animation|Children's,1994
2187,Drama|Fantasy,1985
2188,Comedy,1999
2189,Comedy,2000
2190,Drama|Romance,1995
2191,Musical,1951
2192,Crime|Drama,1939
2193,Adventure|Romance,1992
2194,Horror|Thriller,1999
2195,,-
2196,Adventure|Children's|Comedy|Fantasy|Romance,1995
2197,Children's|Comedy,1999
2198,,-
2199,Action|Adventure|Sci-Fi,1983
2200,Romance,1996
2201,,-
2202,Comedy,1998
2203,Drama|Romance,1997
2204,Comedy,1944
2205,Mystery|Thriller,1955
2206,Drama,1958
2207,Drama,1996
2208,Thriller,1992
2209,Comedy,1972
2210,Drama|War,1942
2211,Comedy|Musical,1965
2212,Sci-Fi,1955
2213,Documentary,1966
2214,Action|Adventure|Comedy|Romance,1985
2215,Documentary,1971
2216,Drama,1998
2217,Comedy|Romance,1998
2218,Action,1965
2219,Comedy,1963
2220,Drama|Thriller,1953
2221,Drama|Mystery,1959
2222,Drama,1994
2223,Comedy|Romance,1985
2224,Comedy|Drama,1999
2225,Drama,1997
2226,Drama,1962
2227,Drama,1997
2228,Comedy|Thriller,1998
2229,Comedy|Romance,1998
2230,Horror|Mystery|Thriller,1997
2231,Drama,1995
2232,Adventure|Sci-Fi|Thriller,1998
2233,Action|Adventure|Crime|Thriller,1993
2234,Drama|Thriller,1996
2235,Action|Adventure|Drama|Romance,1995
2236,Drama|Thriller,1998
2237,Thriller,1993
2238,Drama,1991
2239,Drama,1995
2240,Thriller,1998
2241,Drama,1993
2242,Drama,1993
2243,,-
2244,Drama,1992
2245,Drama,1997
2246,Drama,1994
2247,Drama,1993
2248,Drama,1991
2249,Drama,1993
2250,Drama,1994
2251,Thriller,1998
2252,Comedy|Romance,1999
2253,Documentary,1996
2254,Comedy|Drama|Western,1961
2255,Documentary,1999
2256,Horror,1980
2257,Children's|Comedy,1968
2258,Drama,1997
2259,Western,1976
2260,Horror,1977
2261,Drama,1967
2262,Comedy|Drama,1967
2263,Drama|Thriller,1962
2264,Drama,1962
2265,Drama,1968
2266,Drama,1965
2267,Drama|War,1961
2268,Drama,1956
2269,Drama,1959
2270,Drama,1948
2271,Drama,1997
2272,Drama,1996
2273,Comedy,1997
2274,Drama|Romance,1990
2275,Drama,1982
2276,Comedy|Drama,1999
2277,Drama,1994
2278,Documentary,1998
2279,Horror|Thriller,1997
2280,Comedy|Romance,2000
2281,Drama,1986
2282,Action,1995
2283,Comedy|Romance,1999
2284,Comedy|Romance,1994
2285,Comedy,1990
2286,,-
2287,Drama,1964
2288,Documentary,1999
2289,Thriller,1965
2290,Action|Drama,1952
2291,Horror|Sci-Fi,1958
2292,Drama,1955
2293,Documentary|Drama,1998
2294,Adventure|Drama,1958
2295,Drama,1985
2296,Action|Crime,1971
2297,Animation|Comedy|Thriller,1994
2298,Documentary,1996
2299,Comedy,1996
2300,Comedy|Mystery,1987
2301,Drama,1941
2302,Horror|Thriller,1983
2303,Comedy,1987
2304,Western,1967
2305,Drama,1968
2306,Sci-Fi|Thriller,1993
2307,Action|Sci-Fi,1994
2308,Comedy|Fantasy,1987
2309,Action|Sci-Fi,1996
2310,Action|Sci-Fi,1999
2311,Adventure,1986
2312,Action|Adventure|Horror,1986
2313,Children's|Comedy|Sci-Fi,1978
2314,Horror,1987
2315,Drama,1980
2316,Horror|Sci-Fi,1988
2317,Action|War,1988
2318,Action|Drama,1998
2319,Sci-Fi,1956
2320,Horror,1943
2321,Comedy,1987
2322,Horror,1986
2323,Children's|Drama,1989
2324,Horror,1983
2325,Horror,1982
2326,Comedy,1998
2327,Action|Drama|Thriller,1997
2328,,-
2329,Thriller,1993
2330,Comedy,1994
2331,Drama,1997
2332,Drama|Romance,1995
2333,Drama,1999
2334,Drama|Romance,1999
2335,Horror,1973
2336,Children's|Comedy,1994
2337,Drama,1997
2338,Adventure|Animation|Sci-Fi|Thriller,1988
2339,Film-Noir|Thriller,1944
2340,Drama|Romance,1998
2341,Animation|Children's,2000
2342,Comedy|Romance,1997
2343,Drama,1985
2344,Comedy,1999
2345,Thriller,2000
2346,Drama,2000
2347,Crime|Drama,1998
2348,Animation|Children's|Musical,1993
2349,Drama,1989
2350,Action,1985
2351,Thriller,1996
2352,Thriller,1995
2353,Horror|Sci-Fi,1982
2354,Action|Thriller,1992
2355,,-
2356,Comedy,1990
2357,Horror,1935
2358,Musical,1936
2359,Drama,1937
2360,Thriller,1936
2361,Drama,1939
2362,Horror|Thriller,1963
2363,Mystery|Thriller,1995
2364,Documentary,1995
2365,Action|Adventure|Children's|Sci-Fi,1993
2366,,-
2367,Children's|Comedy,1969
2368,Comedy,1986
2369,Drama,1995
2370,Drama|Romance,1995
2371,Comedy|Drama,1996
2372,Horror,1990
2373,Adventure,1996
2374,Thriller,1999
2375,Comedy|Drama,1994
2376,Comedy,1995
2377,Horror|Sci-Fi|Thriller,1993
2378,,-
2379,Comedy|Sci-Fi,1993
2380,Action,1997
2381,Action|Comedy,1997
2382,Drama,1938
2383,Drama,1982
2384,Comedy,2000
2385,Comedy,1992
2386,Comedy|Horror,1997
2387,Drama,1993
2388,Drama|Thriller,1995
2389,Animation|Children's,1989
2390,Comedy,1995
2391,Adventure|Animation|Children's|Fantasy,1998
2392,,-
2393,Comedy|Romance,1991
2394,Comedy,1991
2395,,-
2396,Comedy,1996
2397,Comedy|Drama,1996
2398,Animation|Children's,1988
2399,War,1970
2400,Comedy,1975
2401,Documentary,1998
2402,Western,1972
2403,Action|Adventure|Sci-Fi|Thriller,1997
2404,Action|Thriller,1999
2405,Action|Adventure|Children's|Comedy,1981
2406,Comedy,1980
2407,Thriller,1971
2408,Mystery|Thriller,1995
2409,Drama|Romance,1998
2410,Comedy|Crime,1996
2411,Adventure|Children's|Fantasy,1994
2412,Comedy|Romance,2000
2413,Adventure|Children's,1996
2414,Children's|Comedy,1996
2415,,-
2416,Adventure|Children's|Comedy,1974
2417,Mystery,1986
2418,Comedy,1977
2419,Action,1988
2420,Drama,1999
2421,Adventure|Children's,1993
2422,Drama,1999
2423,Thriller,1999
2424,Horror,1980
2425,Thriller,1966
2426,War,1995
2427,Action|Adventure,1996
2428,Comedy,1997
2429,Crime,1996
2430,Drama,1995
2431,Adventure,1997
2432,Drama,1970
2433,Comedy|Horror|Thriller,1995
2434,Thriller,2000
2435,Comedy|Drama,1999
2436,,-
2437,Drama,1997
2438,Action|Drama,1992
2439,Comedy|Drama,1992
2440,Drama,1982
2441,Comedy|Drama,1994
2442,Drama,1999
2443,Comedy|Drama,1999
2444,Drama,1995
2445,Drama,1999
2446,Horror|Thriller,1996
2447,Drama,1994
2448,Action|Adventure|Mystery|Sci-Fi,1995
2449,Romance,1998
2450,Documentary|Drama,1996
2451,Drama,1993
2452,Horror|Thriller,1998
2453,Thriller,1999
2454,Drama,1998
2455,Drama,1999
2456,Adventure|Children's,1963
2457,Action,1994
2458,Comedy,1993
2459,Action,1996
2460,,-
2461,Drama,1998
2462,Action|Crime|Thriller,1986
2463,Adventure|Children's,1994
2464,Adventure,1986
2465,Comedy|Horror,1986
2466,Thriller,1995
2467,Horror,1987
2468,Horror,1988
2469,Adventure|Drama|Romance,1980
2470,Comedy|Drama|War,1942
2471,Adventure|War,1943
2472,Drama|Mystery,1971
2473,Comedy|Romance,1995
2474,Animation|Children's|Musical,1945
2475,Sci-Fi,1950
2476,Comedy|Drama,1999
2477,Drama,1997
2478,Action,1995
2479,,-
2480,Drama|Thriller,1996
2481,Comedy,1998
2482,Adventure|Children's|Comedy|Musical,1996
2483,,-
2484,Horror|Sci-Fi,1995
2485,,-
2486,,-
2487,Drama|Western,1998
2488,Comedy|Drama,1976
2489,Comedy|Romance,1939
2490,Drama,1991
2491,Comedy,1991
2492,Comedy,1990
2493,Comedy,1994
2494,Action,1996
2495,Drama,1993
2496,Comedy,1998
2497,Action,1995
2498,Comedy,1994
2499,Crime|Drama|Film-Noir,1997
2500,Comedy,1996
2501,Comedy|Romance,1997
2502,Action,1994
2503,Comedy,1996
2504,Action|Adventure,1997
2505,Drama,1999
2506,Animation|Children's,1990
2507,Action|Adventure|Comedy,1990
2508,Action|Adventure|Thriller,1996
2509,Comedy,2000
2510,Comedy|Romance,2000
2511,Drama,1999
2512,Drama,1999
2513,Romance|War,1932
2514,Thriller,1987
2515,Comedy|Drama,2000
2516,Drama|Romance,1997
2517,Comedy|War,1994
2518,Drama,1996
2519,Comedy|Fantasy,1993
2520,Comedy,1987
2521,Adventure|Children's,1987
2522,Comedy,1994
2523,Action,1974
2524,,-
2525,Drama,1998
2526,Horror,1971
2527,Drama,1965
2528,Children's|Drama,1939
2529,Horror,1992
2530,Action|Drama|Romance|Thriller,1983
2531,Comedy,1999
2532,Crime|Drama,1995
2533,Comedy,2000
2534,Drama,1997
2535,Drama,1987
2536,,-
2537,Drama|War,1980
2538,Drama,1993
2539,Drama,1997
2540,Drama,1994
2541,Action,1994
2542,,-
2543,Action|Thriller,1997
2544,Thriller,1994
2545,Action|Thriller,1999
2546,Drama|Thriller,1996
2547,Action|Drama,1993
2548,Drama,1996
2549,Romance,1997
2550,Drama,1999
2551,Comedy,1985
2552,Drama,1998
2553,Horror,1986
2554,Comedy|Crime|Drama,1997
2555,Action|Comedy|Drama,1965
2556,Comedy,1998
2557,Thriller,1997
2558,Horror,1987
2559,Horror,1983
2560,Drama,1996
2561,Drama,1997
2562,Horror,1990
2563,Horror,1994
2564,Horror,1990
2565,Horror|Thriller,1983
2566,,-
2567,Comedy|Romance,1997
2568,Horror|Sci-Fi,1999
2569,Drama|Thriller,1986
2570,Drama,2000
2571,Drama,1990
2572,Comedy,1995
2573,Animation|Children's|Musical,1997
2574,Drama,1988
2575,Drama|Romance,1996
2576,Action|War,1969
2577,War,1993
2578,Crime|Drama|Thriller,1998
2579,Comedy|Thriller,1976
2580,Comedy|Drama,1995
2581,Action|Adventure|Drama|Thriller,1985
2582,Crime|Drama|Thriller,1984
2583,Action|Mystery|Thriller,1986
2584,Mystery|Thriller,1991
2585,Horror,1976
2586,Film-Noir,1953
2587,Action|Drama,1999
2588,Drama,1993
2589,Drama,2000
2590,Drama,1995
2591,Documentary,1995
2592,Drama|Romance,1996
2593,,-
2594,Drama|Romance,1999
2595,Comedy|Romance,1998
2596,Comedy,1970
2597,Drama|Romance,1966
2598,Comedy,1998
2599,Comedy,1994
2600,Comedy|Drama,1999
2601,Documentary,1999
2602,Drama,1993
2603,Drama,1999
2604,Drama|Horror,1977
2605,Romance,1998
2606,Comedy,1997
2607,Comedy,1999
2608,Action,1974
2609,Action|Crime|Thriller,1987
2610,Action|Sci-Fi|Thriller|Western,1973
2611,Comedy|Drama,1954
2612,Comedy,1996
2613,Drama,1975
2614,Comedy,1999
2615,War,1977
2616,Documentary,1997
2617,Comedy|Drama,1996
2618,Action|Drama,1958
2619,Horror,1973
2620,Drama,1996
2621,Action|Thriller,1994
2622,Comedy|Drama,1997
2623,Drama|Fantasy,1993
2624,Drama,1996
2625,Crime|Drama,1949
2626,Comedy|Drama|Romance,1999
2627,Comedy,1995
2628,Drama,1998
2629,Adventure|Children's|Romance,1994
2630,Drama,1995
2631,Drama,1993
2632,Comedy|Drama,1987
2633,Drama,1994
2634,Crime|Drama,1994
2635,Comedy,1985
2636,Horror|Sci-Fi|Thriller,1963
2637,Horror|Thriller,1984
2638,Drama,1925
2639,Drama,1993
2640,Comedy|Romance,1998
2641,Action|War,1988
2642,Drama|War,1945
2643,Comedy,1988
2644,Documentary,1996
2645,Drama|Mystery,1986
2646,Drama|Film-Noir|Thriller,1956
2647,Drama,1952
2648,Drama,1955
2649,Drama,1957
2650,Comedy|Drama,1995
2651,Documentary,1990
2652,Musical,1929
2653,Horror,1987
2654,Horror|Sci-Fi|Thriller,1998
2655,,-
2656,,-
2657,Thriller,1972
2658,Action,1921
2659,Drama,1995
2660,Thriller,1940
2661,Comedy,1998
2662,Crime|Thriller,1981
2663,Drama,1984
2664,Adventure,1979
2665,Action|Crime,1972
2666,Adventure|Children's,1974
2667,Action|Mystery|Sci-Fi|Thriller,1997
2668,Comedy,1997
2669,,-
2670,Adventure,1926
2671,Crime|Thriller,1993
2672,Drama,2000
2673,Crime|Film-Noir,1947
2674,Horror,1986
2675,Adventure|Sci-Fi,1961
2676,Action|Drama|War,1942
2677,Action,1984
2678,Drama,1955
2679,Horror,1983
2680,Comedy,1939
2681,Comedy,1934
2682,Musical,1960
2683,Drama,1974
2684,Horror,1941
2685,Drama|Romance,1941
2686,Comedy,1957
2687,Drama,1994
2688,Drama,1977
2689,Drama|Romance,1994
2690,Drama,1995
2691,Thriller,1942
2692,Horror|Sci-Fi,1979
2693,Comedy|Drama,1980
2694,Mystery|Thriller,1950
2695,Comedy,1995
2696,Comedy,1999
2697,Adventure|Sci-Fi,1985
2698,Horror|Thriller,1990
2699,Drama,1998
2700,Drama,1998
2701,Drama,1995
2702,Drama,1996
2703,Romance,1996
2704,Drama,1997
2705,Comedy|Horror,1994
2706,Horror,1992
2707,Horror,1998
2708,Horror,1980
2709,Children's,1997
2710,,-
2711,Comedy,1997
2712,Comedy,1997
2713,Drama,1978
2714,Thriller,1997
2715,Comedy,1941
2716,,-
2717,,-
2718,Drama,1939
2719,Thriller,1926
2720,War,1996
2721,Film-Noir,1955
2722,,-
2723,Horror|Mystery,1993
2724,Action|Horror|Sci-Fi,1998
2725,Drama,1997
2726,Comedy,1996
2727,Comedy|Drama,1998
2728,Drama,1982
2729,Drama,1998
2730,Adventure,1989
2731,,-
2732,Children's|Comedy,1994
2733,Drama|Romance,1994
2734,Drama,1993
2735,Documentary,1997
2736,Drama,1999
2737,Comedy,1994
2738,Action|Crime,1987
2739,Adventure|Drama,1982
2740,Comedy|Romance,1996
2741,Action,1995
2742,Comedy,1999
2743,Drama|Romance,1997
2744,Children's,1967
2745,Comedy,1964
2746,Action|Adventure|Children's|Comedy,1999
2747,Drama,1936
2748,Drama|Musical,1958
2749,Drama|Romance,1987
2750,Comedy|Romance,1998
2751,Drama,1995
2752,Romance,1997
2753,Documentary,1993
2754,,-
2755,Comedy,1983
2756,Drama,1988
2757,Drama,1985
2758,Comedy,1983
2759,Drama,1984
2760,Sci-Fi|Thriller,1984
2761,Comedy,1994
2762,Comedy|Romance,1996
2763,Western,1994
2764,Crime,1998
2765,Drama|Romance,1998
2766,Horror|Sci-Fi|Thriller,1960
2767,Action|Adventure|Sci-Fi,1998
2768,War,1959
2769,Action|Thriller,1986
2770,Action|Adventure,1986
2771,War,1968
2772,Western,1947
2773,Drama,1974
2774,,-
2775,Horror,1983
2776,Action|Horror|Sci-Fi,1980
2777,Romance|Thriller,2000
2778,Crime|Thriller,1969
2779,Children's|Comedy,1985
2780,Drama,1998
2781,Drama,1999
2782,Drama|Western,1962
2783,Drama,1997
2784,Drama,1987
2785,Comedy,1986
2786,Action|Adventure,1933
2787,Comedy,1981
2788,Drama,1997
2789,Drama,1998
2790,Comedy|Drama,1990
2791,Drama,1996
2792,Documentary,1993
2793,Drama,1987
2794,Drama,1953
2795,Drama,1968
2796,Drama,1974
2797,Action,1987
2798,,-
2799,Horror,1998
2800,,-
2801,Horror,1962
2802,Comedy|Drama,1986
2803,Drama,1951
2804,Sci-Fi,1956
2805,Drama|War,1943
2806,Comedy,1977
2807,Crime|Drama,1972
2808,Comedy|Drama,1997
2809,Action|Drama,1996
2810,Comedy|Drama|Romance,1998
2811,Drama,1973
2812,Comedy,2000
2813,Documentary,2000
2814,Musical,1995
2815,Action|Sci-Fi,1962
2816,Adventure|Children's|Comedy,1977
2817,,-
2818,Comedy,1984
2819,Drama,1983
2820,Comedy,1996
2821,Drama,1996
2822,Action|Comedy,1994
2823,Comedy,1965
2824,Horror|Sci-Fi,1959
2825,Sci-Fi,1953
2826,,-
2827,Romance,1997
2828,Drama|Romance,1997
2829,Comedy,2000
2830,Drama,1969
2831,Action,1971
2832,Comedy,1976
2833,Adventure|Musical|Romance,1976
2834,Drama,1992
2835,,-
2836,Horror,1991
2837,Horror,1981
2838,Horror|Sci-Fi,1959
2839,Horror,1983
2840,Horror,1981
2841,Horror,1988
2842,Drama|Sci-Fi|Thriller,1989
2843,Comedy|Drama,1998
2844,Comedy|Musical,1996
2845,Comedy,1997
2846,Comedy,1998
2847,Comedy,1994
2848,Comedy,1996
2849,Comedy,1996
2850,Drama,1995
2851,Comedy|Romance,1999
2852,Animation|Children's|Comedy,1998
2853,Action,1993
2854,Comedy,1998
2855,Drama,1995
2856,Drama,1978
2857,Crime,1968
2858,Drama|Romance,1998
2859,Western,1995
2860,Comedy|Drama,1999
2861,,-
2862,Comedy,1980
2863,Romance|Thriller,1999
2864,,-
2865,Drama|Mystery,1993
2866,Thriller,1995
2867,Action|Drama,1985
2868,Action|Comedy,1988
2869,Action|Drama,1982
2870,Action|Drama|Mystery,1993
2871,Action,1993
2872,,-
2873,Horror|Thriller,1986
2874,Horror|Thriller,1986
2875,Drama|Thriller,1980
2876,Thriller,1988
2877,Mystery|Thriller,1978
2878,Drama,1996
2879,Documentary,1994
2880,Drama|Romance,1996
2881,Drama,1982
2882,Comedy,1998
2883,Drama,1993
2884,Children's|Comedy|Mystery,1965
2885,Drama,1943
2886,Comedy|Drama,2000
2887,Comedy|Romance,1997
2888,,-
2889,Horror,1994
2890,Horror,1992
2891,Action|Adventure|Animation|Children's|Fantasy,1994
2892,Comedy,1998
2893,Comedy,1995
2894,Comedy,1995
2895,Comedy,1995
2896,Comedy|Drama,1994
2897,Comedy|Romance,1994
2898,Romance,1997
2899,Action|Crime,1999
2900,Drama,1926
2901,,-
2902,Comedy|Drama,1973
2903,Crime|Film-Noir|Thriller,1948
2904,Comedy,1925
2905,Drama|Romance,1998
2906,Comedy,1997
2907,Drama,1999
2908,Comedy,1928
2909,Documentary,2000
2910,Action|Drama,1993
2911,Comedy,1998
2912,Crime,1999
2913,Drama|Horror,1986
2914,Comedy|Romance,1996
2915,Comedy|Drama,1997
2916,Comedy,1997
2917,Drama,1976
2918,Drama,1994
2919,Thriller,1997
2920,Action|Drama|War,1993
2921,Horror|Thriller,1997
2922,Drama,1930
2923,Comedy|Romance,1994
2924,Comedy|Drama,1979
2925,Western,1969
2926,Drama,1988
2927,Comedy,1997
2928,Thriller,1953
2929,Drama|Romance|War,1999
2930,Comedy|Drama,1967
2931,Drama,1956
2932,Drama,1996
2933,Comedy|Romance,1966
2934,,-
2935,Mystery|Sci-Fi,1979
2936,Drama,1997
2937,Western,1931
2938,,-
2939,Horror,1939
2940,Comedy|War,1967
2941,,-
2942,Action|Thriller,1997
2943,Adventure|War,1956
2944,Comedy|Western,1994
2945,Romance|Western,1958
2946,Musical,1986
2947,Drama|Thriller,1981
2948,Drama,1972
2949,Drama,1972
2950,Comedy|Romance,1971
2951,Musical,1949
2952,Drama,1994
2953,Drama,1999
2954,Adventure|Sci-Fi,1977
2955,Comedy,1925
2956,Drama|Romance,1999
2957,Comedy|Romance,1995
2958,Comedy,1999
2959,Comedy|Romance,1994
2960,Drama,1996
2961,Thriller,1995
2962,Drama|Romance,1965
2963,Adventure|Children's,1995
2964,Drama,1995
2965,Action|War,1980
2966,,-
2967,,-
2968,Romance,1995
2969,Comedy|Romance,2000
2970,Action|Adventure|Thriller,1996
2971,Comedy,1997
2972,Documentary,1999
2973,,-
2974,,-
2975,,-
2976,,-
2977,Drama,1996
2978,Crime,1997
2979,Drama,1998
2980,Animation|Children's|Musical,1996
2981,,-
2982,Comedy,1995
2983,Action|Adventure|Children's|Fantasy,1997
2984,Adventure|Children's|Fantasy|Sci-Fi,1997
2985,Drama,1963
2986,Drama,1998
2987,Comedy,1947
2988,Thriller,1994
2989,Comedy,1923
2990,Horror,1974
2991,Comedy|Horror,1963
2992,Comedy|Thriller,1996
2993,Drama,1998
2994,Comedy|Drama,1996
2995,Romance,1995
2996,Action|Romance|Thriller,1988
2997,Action|Comedy,1994
2998,Crime|Drama,1999
2999,Horror,1944
3000,Drama|War,1987
3001,Adventure|Children's,1994
3002,Drama,1999
3003,Comedy|Romance,1996
3004,Drama|Romance,1991
3005,Sci-Fi,1950
3006,Drama|Romance,2000
3007,Horror,1964
3008,Mystery,1999
3009,Drama,1999
3010,Comedy,1928
3011,Action,1997
3012,Thriller,1994
3013,Crime,1996
3014,Horror,1944
3015,Horror,1944
3016,Comedy,1996
3017,Comedy|Romance,1998
3018,Comedy,1993
3019,Romance,1996
3020,Action|Drama,1995
3021,Comedy|Drama|Romance,1998
3022,Drama,1956
3023,Comedy|War,1984
3024,Comedy|Drama,1999
3025,Drama,1999
3026,Drama,1999
3027,Drama,1997
3028,Drama,1986
3029,Drama,1985
3030,Drama,1986
3031,Horror|Sci-Fi,1959
3032,Drama,1995
3033,Comedy,1999
3034,Comedy,1992
3035,Crime|Drama,1998
3036,Western,1946
3037,Comedy|Musical|Romance,1957
3038,Action,1978
3039,Drama,1994
3040,Adventure|Children's,1995
3041,,-
3042,Comedy,1998
3043,Action|Crime,1973
3044,Action|Comedy,1990
3045,Horror,1990
3046,Horror,1945
3047,Horror,1997
3048,Comedy|Romance,1997
3049,Thriller,1995
3050,Thriller,1996
3051,Action|Thriller,1998
3052,Drama|Romance|Western,1940
3053,Western,1966
3054,Drama|War,1981
3055,Comedy|Horror|Sci-Fi,1986
3056,,-
3057,Comedy,1995
3058,Drama,1994
3059,Drama|Romance,1997
3060,Drama,1995
3061,Animation|Sci-Fi,1973
3062,Comedy,1993
3063,Film-Noir,1948
3064,Drama,1994
3065,Film-Noir,1948
3066,Action|Crime|Romance,1997
3067,Western,1955
3068,Adventure,1940
3069,Sci-Fi|Thriller,1957
3070,Comedy|Drama,1987
3071,Comedy|Drama,1996
3072,Animation,1997
3073,Romance|War,1996
3074,Children's,2000
3075,Drama,1974
3076,Drama,1995
3077,Comedy,1987
3078,Drama,1994
3079,Western,1967
3080,Comedy,1999
3081,Documentary,1998
3082,Comedy,1996
3083,Drama,1949
3084,Drama|Thriller,1994
3085,Comedy|Romance,1996
3086,Comedy,1998
3087,Drama,1998
3088,Drama,1984
3089,Drama,1987
3090,Comedy,1997
3091,Drama,1998
3092,Comedy,1980
3093,Comedy|Drama,1958
3094,Adventure|Children's,1997
3095,Drama,1994
3096,Comedy,1996
3097,Romance,1997
3098,Drama|Romance|War,1994
3099,Documentary,1995
3100,Drama,1994
3101,Animation|Children's,1999
3102,,-
3103,Drama,1994
3104,Comedy,1982
3105,Action|Adventure|Drama,1981
3106,Documentary,1995
3107,Comedy,1947
3108,Drama,1996
3109,,-
3110,Drama|Romance,1990
3111,Drama|Mystery|Romance,1993
3112,Crime|Drama|Romance,1996
3113,Comedy|Drama|Romance,1998
3114,Drama|Romance,1997
3115,Comedy|Romance,1995
3116,Drama,1998
3117,Children's|Drama,1995
3118,Drama,1996
3119,Adventure|Children's,1994
3120,Drama,1986
3121,Comedy,1995
3122,Children's|Comedy,1999
3123,Drama,1994
3124,Action|Drama,1998
3125,Romance|War,1994
3126,,-
3127,Action|Comedy,1994
3128,Drama,1996
3129,Drama,1998
3130,Crime,1981
3131,Drama,1945
3132,Comedy|Crime,1970
3133,Drama,1976
3134,Drama,1998
3135,Drama,1995
3136,Comedy,1995
3137,Comedy|Romance,1993
3138,Action|Comedy|Crime|Drama,1997
3139,Horror|Sci-Fi,1995
3140,Thriller,1994
3141,Comedy|Horror,1987
3142,Adventure|Children's,1977
3143,Animation|Musical,1981
3144,Horror,1986
3145,Drama,1982
3146,Romance,1998
3147,Crime,1998
3148,Crime|Drama,1996
3149,Drama|Romance,1999
3150,Drama|Thriller,1996
3151,Crime|Drama|Thriller,1994
3152,Crime|Drama,1952
3153,Thriller,1932
3154,Drama|Mystery,1996
3155,Horror,1940
3156,Horror,1942
3157,Action|Adventure,1994
3158,Comedy,2000
3159,Comedy|Drama,1991
3160,Comedy|Drama,1995
3161,Drama|War,1997
3162,Documentary,1995
3163,Comedy,1997
3164,Children's|Comedy,1976
3165,Comedy,1990
3166,Comedy,1994
3167,Animation|Children's|Comedy,1943
3168,Animation|Children's|Musical,1946
3169,Comedy,1996
3170,Drama,1993
3171,Comedy|Documentary,1982
3172,Comedy,1988
3173,Comedy,1996
3174,Crime|Drama,1997
3175,Mystery,1995
3176,Action|Adventure,1998
3177,Comedy,1979
3178,Crime|Drama,1993
3179,Horror|Sci-Fi|Thriller,1990
3180,Horror|Sci-Fi|Thriller,1993
3181,Comedy|Drama,1998
3182,Children's,1995
3183,Adventure|Children's,1996
3184,Drama|Thriller,1996
3185,Drama,1995
3186,Comedy|Romance,1995
3187,Comedy|Romance,1932
3188,Action|Thriller,1994
3189,Drama,1995
3190,Comedy|Drama,1996
3191,Drama,1996
3192,Drama,1996
3193,Drama|Romance,1997
3194,,-
3195,Comedy|Drama,2000
3196,,-
3197,Comedy,1919
3198,Drama|Romance,1995
3199,Drama|Romance,1995
3200,Drama,1999
3201,Drama,1995
3202,Drama,1999
3203,Action|Crime|Drama|Thriller,1999
3204,Drama,1994
3205,Drama,1997
3206,Drama,1997
3207,Action|Drama,1981
3208,Comedy|Musical|Romance,1937
3209,Drama,1954
3210,Western,1942
3211,Drama,1971
3212,Drama|Romance,1938
3213,Comedy,1993
3214,Drama|Thriller,1988
3215,Adventure|Romance,1995
3216,Horror,1972
3217,Action|Adventure|Sci-Fi,1995
3218,Drama,1961
3219,Action|Comedy|Crime|Drama,1998
3220,Drama|Thriller,1977
3221,Drama|Romance,1998
3222,Comedy,1995
3223,Action|Horror|Sci-Fi,1986
3224,Action|Comedy,1997
3225,Comedy|Drama,1996
3226,Comedy|Drama,1993
3227,Documentary,1995
3228,Animation|Children's,1994
3229,Animation|Children's|Musical,1948
3230,,-
3231,Horror,1987
3232,Drama,1999
3233,Crime|Drama,2000
3234,Animation|Children's,1993
3235,Film-Noir,1947
3236,Thriller,1995
3237,,-
3238,Comedy,1994
3239,Crime|Drama,1995
3240,Drama,1993
3241,Horror,1943
3242,Comedy,1998
3243,Drama,1965
3244,Romance,1997
3245,Comedy|Western,1974
3246,Drama,1958
3247,Thriller,1997
3248,Comedy|Romance,1998
3249,Comedy,1994
3250,Adventure|Comedy|Sci-Fi,1952
3251,Drama|Romance,1994
3252,Crime|Drama|Thriller,1993
3253,Drama|Romance,1986
3254,Drama|Thriller,1994
3255,Romance,1996
3256,Drama,1994
3257,Comedy|Crime,1997
3258,Animation|Children's|Musical,1947
3259,Mystery,1984
3260,Drama,1984
3261,Action|Thriller,1988
3262,Comedy|Romance,1984
3263,Documentary,1995
3264,Drama,1996
3265,Drama,1994
3266,Comedy,1934
3267,Comedy|Film-Noir|Thriller,1998
3268,Drama,1993
3269,,-
3270,Drama,1998
3271,,-
3272,Drama,1995
3273,,-
3274,Comedy|Horror,1990
3275,,-
3276,,-
3277,Drama,1998
3278,Drama,1997
3279,Comedy,1996
3280,Drama,1998
3281,Thriller,1997
3282,Children's|Drama,1997
3283,,-
3284,Drama,1995
3285,Horror,1945
3286,Horror,1959
3287,Thriller,1996
3288,,-
3289,Comedy,1994
3290,Drama,1997
3291,Animation|Children's|Musical,1997
3292,Adventure|Children's|Fantasy,1995
3293,Comedy|Drama|Romance,1988
3294,Documentary,1997
3295,Adventure|Comedy,1988
3296,Adventure|Children's,1987
3297,Adventure|Children's,1967
3298,Comedy,1994
3299,Comedy,1996
3300,Horror,1994
3301,Comedy,1999
3302,Drama,1994
3303,Comedy|Drama,1994
3304,Drama,1964
3305,Sci-Fi|Thriller,1997
3306,Action|Sci-Fi|Thriller,1996
3307,Comedy,1998
3308,,-
3309,Animation|Children's,1999
3310,Drama|Thriller,1999
3311,Drama,1993
3312,Children's|Drama,1960
3313,Documentary,1994
3314,Drama,1996
3315,Crime|Drama,1994
3316,Documentary,1975
3317,Thriller,1994
3318,Documentary|Drama,1994
3319,Drama|Romance,1997
3320,Horror,1987
3321,Horror,1988
3322,Children's|Comedy,1998
3323,Comedy|Drama|Romance,1990
3324,Drama|Romance,1996
3325,Drama,1996
3326,Drama,1996
3327,Comedy,1994
3328,,-
3329,Romance|War,1997
3330,Horror,1998
3331,Horror|Sci-Fi,1993
3332,Action|Drama|War,1944
3333,Horror|Sci-Fi,1982
3334,Drama,1993
3335,Comedy|Crime,1996
3336,Sci-Fi,1997
3337,Action|Thriller,1995
3338,Horror,1942
3339,Children's|Comedy|Drama,1998
3340,Children's|Fantasy,1997
3341,Action|Drama,1998
3342,Action|Adventure,1996
3343,Drama,2000
3344,Musical,1964
3345,,-
3346,Comedy|Drama,1993
3347,Drama,1997
3348,Comedy|Romance,1998
3349,Comedy|Romance,1997
3350,,-
3351,Comedy|Drama,1998
3352,Comedy,1996
3353,Drama,1992
3354,Adventure|Children's,1962
3355,Thriller,1961
3356,Drama,1981
3357,Mystery|Thriller,1996
3358,Comedy,1994
3359,Drama,1993
3360,Drama,1996
3361,Drama,1995
3362,Comedy,1994
3363,Documentary,1995
3364,Drama,1996
3365,Sci-Fi,1988
3366,Drama|War,1995
3367,Drama,1998
3368,Drama,1995
3369,Drama,1994
3370,Crime,1997
3371,Drama,1976
3372,Horror,1965
3373,Horror,1959
3374,Action|Thriller,1996
3375,Romance,1996
3376,Drama|Thriller,1994
3377,Drama,1997
3378,Comedy|Romance,1997
3379,Crime|Drama,1954
3380,Drama|Romance,1994
3381,Comedy,1964
3382,Comedy,1999
3383,Comedy|Romance,1995
3384,Romance,1997
3385,Horror,1980
3386,Horror|Thriller,1987
3387,Drama,1998
3388,,-
3389,Drama,1997
3390,Horror,1986
3391,Comedy,1996
3392,Drama,1996
3393,Drama,1998
3394,Crime|Drama|Film-Noir,1996
3395,Comedy|Romance,1994
3396,Drama,1995
3397,Drama,1985
3398,Action|Comedy,1998
3399,Documentary,1995
3400,Drama,1996
3401,Comedy|Drama,1997
3402,Drama,1999
3403,Comedy,1926
3404,Crime,1996
3405,Comedy,1995
3406,Drama,1995
3407,Comedy|Romance,1998
3408,Comedy|Drama,1957
3409,Horror,1973
3410,Comedy|Drama,1996
3411,Action,1996
3412,Sci-Fi|Thriller,1993
3413,Comedy|Thriller,1997
3414,Crime|Drama,1946
3415,Comedy|Drama,1948
3416,Children's|Drama,1949
3417,Drama,1932
3418,,-
3419,Drama,1923
3420,Comedy,1995
3421,Comedy,1995
3422,Comedy,1993
3423,Drama,1994
3424,Drama|War,1998
3425,Drama,1995
3426,Action,1995
3427,Drama,1986
3428,Thriller,1998
3429,,-
3430,Sci-Fi,1957
3431,Comedy|Drama,1994
3432,Drama,1998
3433,Drama,1999
3434,,-
3435,Documentary,1995
3436,Horror,1996
3437,Drama,1996
3438,Drama,1995
3439,Drama|Romance,1995
3440,Animation|Sci-Fi,1982
3441,Horror,1964
3442,Adventure,1972
3443,Comedy|Horror,1987
3444,Comedy|Mystery,1943
3445,Comedy|Drama,1997
3446,Drama,1996
3447,Comedy|Drama,1994
3448,Drama,1997
3449,Comedy,1997
3450,Drama,1997
3451,Comedy,1999
3452,Drama|Sci-Fi,1997
3453,Comedy|Drama,1998
3454,Comedy,1995
3455,Drama,1986
3456,Crime|Thriller,1997
3457,Drama,1993
3458,Western,1995
3459,Action|Drama,1993
3460,Horror,1965
3461,Drama|Thriller,1996
3462,Action|Horror,1981
3463,Horror,1963
3464,Horror,1972
3465,Drama,1996
3466,Crime,1996
3467,Drama,1996
3468,Drama,1994
3469,Drama,1992
3470,Drama,1998
3471,Drama,1996
3472,Horror|Sci-Fi,1959
3473,Horror|Sci-Fi,1940
3474,Drama,1971
3475,Drama,1969
3476,Horror,1986
3477,Adventure|Drama,1919
3478,Comedy|Romance,2000
3479,Drama,1966
3480,Drama,1995
3481,Horror,1986
3482,Mystery|Thriller,1930
3483,Drama,1998
3484,Documentary,1995
3485,,-
3486,Drama,1998
3487,Comedy|Drama,1994
3488,Drama,1998
3489,Drama,1999
3490,Drama,1996
3491,Drama|Mystery,1995
3492,,-
3493,Comedy|Drama,1994
3494,Drama,1989
3495,Adventure|Drama,1998
3496,Horror|Sci-Fi,1957
3497,Comedy,1996
3498,Drama,1996
3499,Drama|Thriller,1993
3500,Comedy,1994
3501,Horror,1968
3502,Comedy,2000
3503,,-
3504,Sci-Fi,1950
3505,Drama,1998
3506,Comedy,1996
3507,Drama,1995
3508,Drama,1997
3509,Comedy|Drama|Romance,1994
3510,Drama,1995
3511,Drama,1998
3512,Documentary,1995
3513,Comedy|Drama,1999
3514,,-
3515,Drama,1996
3516,Drama,1993
3517,Drama,1995
3518,Drama,1972
3519,Drama|Romance,1989
3520,Drama,2000
3521,,-
3522,Comedy|Romance,1999
3523,Comedy,1996
3524,Comedy,1991
3525,Romance,1995
3526,Adventure|Romance,1947
3527,Film-Noir,1947
3528,Comedy|Romance,1987
3529,Horror,1995
3530,Romance,1996
3531,Comedy,1998
3532,Horror,1972
3533,Documentary,1998
3534,Drama|Romance,1999
3535,Fantasy,1987
3536,Comedy|Drama|Romance,1998
3537,Action,1987
3538,Action,1995
3539,Romance,1994
3540,Drama,1994
3541,Comedy,1993
3542,Drama,1998
3543,Documentary,1996
3544,Documentary,1995
3545,,-
3546,Comedy,1980
3547,Comedy,1994
3548,Crime|Drama|Mystery,1930
3549,Drama,1948
3550,Comedy|Horror,1994
3551,Horror,1969
3552,Drama,1995
3553,Drama,1992
3554,Drama,1994
3555,Drama,1995
3556,Drama,1992
3557,Drama,1994
3558,Drama,1994
3559,Drama,1998
3560,Drama,1992
3561,Comedy|Drama,1997
3562,Documentary,1996
3563,Mystery,1936
3564,Drama,1997
3565,Drama|Thriller,1998
3566,Horror,1976
3567,Comedy|Drama,1995
3568,Western,1943
3569,Comedy,1994
3570,Sci-Fi,1954
3571,Drama,1996
3572,Drama,1951
3573,Action,1995
3574,Western,1940
3575,Adventure|Western,1995
3576,Comedy,1996
3577,Documentary,1996
3578,Drama,1961
3579,Drama|Thriller,1998
3580,Drama,1994
3581,Comedy,1996
3582,,-
3583,Horror,1970
3584,Drama,1990
3585,Comedy|Thriller,1998
3586,Comedy,1998
3587,Thriller,1993
3588,Comedy,1996
3589,Comedy,1999
3590,Drama|War,1999
3591,Drama,1998
3592,Comedy,1998
3593,Horror,1973
3594,Comedy,1996
3595,Drama,1996
3596,Comedy|Drama,1986
3597,Thriller,1997
3598,Drama,1988
3599,Drama,1963
3600,Drama|Horror,1981
3601,Drama,1975
3602,Western,1958
3603,Romance,1949
3604,Drama,1971
3605,Comedy|Musical,1930
3606,Comedy|Musical,1933
3607,Comedy|Musical,1937
3608,Comedy|Musical,1941
3609,Film-Noir|Horror,1944
3610,Comedy,1997
3611,Comedy,1996
3612,Drama,1999
3613,Drama,1992
3614,Drama,2000
3615,Crime|Drama,1926
3616,Comedy,2000
3617,Adventure|Children's,1989
3618,Drama,1962
3619,Horror,1982
3620,Comedy|Romance,1998
3621,Action|Mystery|Thriller,1995
3622,Drama,1981
3623,,-
3624,Horror,1968
3625,Drama,1980
3626,Romance,1994
3627,Drama,1999
3628,Drama,1997
3629,Drama,1995
3630,Comedy,1997
3631,Documentary,2000
3632,Comedy,1993
3633,Drama,1995
3634,Documentary,1930
3635,Drama,1996
3636,Horror,1960
3637,Drama,1995
3638,Action|Drama,1995
3639,Drama,1982
3640,Comedy,1995
3641,Horror,1975
3642,Drama,1994
3643,Drama,1997
3644,Documentary,2000
3645,Comedy,1998
3646,Comedy|Drama,1997
3647,Action|Drama|Thriller,1986
3648,Adventure,1952
3649,Drama,1995
3650,Drama,1997
3651,Documentary,1997
3652,Documentary,1998
3653,,-
3654,Thriller,1997
3655,Drama,1996
3656,Horror,1957
3657,Western,1972
3658,Drama,1994
3659,Sci-Fi,1953
3660,Drama,1996
3661,Comedy,1967
3662,Drama,1997
3663,Documentary,1998
3664,Drama,1994
3665,Adventure,1954
3666,Comedy,1969
3667,Horror,1980
3668,Horror|Thriller,1994
3669,Western,1971
3670,Action,1984
3671,Comedy,1999
3672,Drama,1998
3673,Comedy,1991
3674,Drama,1995
3675,Thriller,1995
3676,Drama,1995
3677,Comedy,1967
3678,Comedy,1989
3679,Comedy|Drama,1995
3680,Comedy,1999
3681,Thriller,1997
3682,Drama,1968
3683,Action|Drama,1997
3684,Drama,1993
3685,Documentary,1995
3686,,-
3687,Drama,1997
3688,Documentary,1999
3689,Action|Crime,1973
3690,Action|Drama|Thriller,1995
3691,Action,1994
3692,Drama|War,1996
3693,Comedy,1997
3694,Action|Drama|Thriller,1995
3695,Crime,1947
3696,Drama|Thriller,1998
3697,Comedy|Crime,2000
3698,Drama,1936
3699,Drama,1994
3700,,-
3701,Children's|Comedy,1998
3702,Comedy,1993
3703,Documentary,1998
3704,Drama,1999
3705,Comedy|Drama|Western,1973
3706,Documentary,1998
3707,Action|Drama|Thriller,1994
3708,Comedy,1995
3709,Comedy,1995
3710,Drama,1995
3711,Action|Crime,1996
3712,Drama|Horror,1993
3713,Drama,1995
3714,Drama,1995
3715,Drama,1995
3716,Comedy|Crime|Drama,1995
3717,Documentary,1996
3718,Drama,1991
3719,Drama,1990
3720,Drama,1995
3721,Drama,1995
3722,Drama|Romance,1996
3723,Action|Drama|Thriller,1994
3724,Drama,1996
3725,Documentary,1993
3726,Drama,1994
3727,Drama,1991
3728,Drama,1994
3729,Drama,1995
3730,Drama,1986
3731,Documentary,1995
3732,Drama,1995
3733,Comedy,1996
3734,Comedy|Romance,1992
3735,Drama,1995
3736,Drama,1946
3737,Comedy,1992
3738,Drama,1973
3739,War,1995
3740,Comedy|Drama,1994
3741,Drama,1994
3742,Comedy,1991
3743,Drama,1994
3744,Drama,1995
3745,Comedy|Drama,1993
3746,Drama,1992
3747,Comedy|Romance,1996
3748,Drama,1994
3749,Drama,1990
3750,Comedy,1993
3751,Drama,1949
3752,Comedy,1996
3753,Drama,1976
3754,Thriller,1988
3755,Romance,1933
3756,Drama|War,1995
3757,Romance,1995
3758,Comedy,1982
3759,Comedy|Drama,1996
3760,Drama,1996
3761,Mystery,1950
3762,Comedy,1994
3763,Documentary,1996
3764,Documentary,1995
3765,Drama,1996
3766,Action,1996
3767,Documentary,1995
3768,Romance,1996
3769,,-
3770,Drama,1995
3771,Comedy,1996
3772,Comedy|Drama,1995
3773,Drama,1986
3774,Drama,1942
3775,Drama,1946
3776,Comedy,1935
3777,Romance,1935
3778,Comedy,1995
3779,Comedy,1995
3780,Drama|Romance,1995
3781,Romance,1996
3782,Comedy|Drama,1995
3783,Documentary,1993
3784,Drama,1950
3785,Drama,1996
3786,Action,1996
3787,Documentary,1996
3788,Documentary,1996
3789,,-
3790,Comedy|Drama,1996
3791,Drama,1992
3792,Drama,1996
3793,Drama,1995
3794,Crime|Drama|Mystery,1996
3795,Drama,1996
3796,Crime,1995
3797,Drama,1997
3798,Crime,1994
3799,Comedy,1997
3800,Drama,1996
3801,Drama,1996
3802,Drama,1997
3803,Drama,1996
3804,Drama,1997
3805,Comedy|Drama,1996
3806,Comedy,1998
3807,Action|Drama,1998
3808,Crime,1998
3809,Drama,1995
3810,Crime|Drama,1998
3811,Drama,1997
3812,Comedy|Drama,1998
3813,Drama,1998
3814,Drama,1996
3815,Drama,1995
3816,Drama,1997
3817,Drama|Thriller,1996
3818,Drama,1997
3819,Crime|Drama,1998
3820,Drama,1931
3821,Drama,1929
3822,Comedy,1928
3823,Drama,1927
3824,Drama,1927
3825,Drama,1926
3826,Drama,1925
3827,Comedy,1923
3828,Documentary,1994
3829,Drama,1995
3830,Comedy,1997
3831,Drama,1998
3832,Drama,1999
3833,Drama,1998
3834,Drama,1999
3835,Drama,1998
3836,Documentary,1998
3837,Comedy,1998
3838,Drama,1998
3839,,-
3840,Drama,1997
3841,Comedy|Drama,1999
3842,Sci-Fi,1997
3843,Drama,1999
3844,Comedy,1998
3845,Drama|Romance,1998
3846,Drama,1979
3847,Drama,1926
3848,Drama,1998
3849,Drama,1997
3850,Drama,1996
3851,Comedy|Romance,1927
3852,Drama,1940
3853,Drama|Sci-Fi,1998
3854,Western,1940
3855,Drama,1998
3856,Documentary,1999
3857,Drama,1922
3858,Documentary,1999
3859,Comedy|Drama|Thriller,1996
3860,Comedy,1920
3861,Comedy,1978
3862,Documentary,1999
3863,Action|Adventure,1999
3864,Adventure|Children's,1962
3865,Crime|Thriller,1970
3866,Documentary,2000
3867,Crime,1963
3868,Drama|Musical,1937
3869,Drama,1998
3870,Drama|Thriller,1999
3871,Action,1999
3872,Drama,1958
3873,Drama,1978
3874,Drama,1982
3875,Drama,2000
3876,Drama,1960
3877,Horror,1966
3878,Horror,1974
3879,Horror,1986
3880,Drama,2000
3881,Comedy|Romance,2000
3882,Drama,1999
3883,Drama,1999
